record_id,instrument_id,name,asset_class,asof_date,vendor,published_at,ingested_at,bid,ask,mid,volume,quote_unit,source_line
Q003,SIM_BOND_10,样例国债 B,bond,2026-09-21,feed_a,2026-09-21T16:10:00+08:00,2026-09-21T16:12:00+08:00,0.02695,0.02705,0.027,1001,yield_decimal,4
Q004,SIM_BOND_10,样例国债 B,bond,2026-09-21,feed_b,2026-09-21T16:10:00+08:00,2026-09-21T16:12:00+08:00,0.02697,0.02707,0.02702,1001,yield_decimal,5
Q001,SIM_BOND_3,样例国债 A,bond,2026-09-21,feed_a,2026-09-21T16:10:00+08:00,2026-09-21T16:12:00+08:00,0.02075,0.02085,0.0208,1000,yield_decimal,2
Q002,SIM_BOND_3,样例国债 A,bond,2026-09-21,feed_b,2026-09-21T16:10:00+08:00,2026-09-21T16:12:00+08:00,0.02077,0.02087,0.02082,1000,yield_decimal,3
Q005,SIM_EQ_A,样例股票 A,equity,2026-09-21,feed_a,2026-09-21T16:10:00+08:00,2026-09-21T16:12:00+08:00,24.45,24.55,24.5,1002,cny,6
Q006,SIM_EQ_A,样例股票 A,equity,2026-09-21,feed_b,2026-09-21T16:10:00+08:00,2026-09-21T16:12:00+08:00,24.46,24.56,24.51,1002,cny,7
Q007,SIM_EQ_B,样例股票 B,equity,2026-09-21,feed_a,2026-09-21T16:10:00+08:00,2026-09-21T16:12:00+08:00,17.95,18.05,18.0,1003,cny,8
Q008,SIM_EQ_B,样例股票 B,equity,2026-09-21,feed_b,2026-09-21T16:10:00+08:00,2026-09-21T16:12:00+08:00,17.96,18.06,18.01,1003,cny,9
Q009,SIM_IF,样例股指期货,future,2026-09-21,feed_a,2026-09-21T16:10:00+08:00,2026-09-21T16:12:00+08:00,3919.9,3920.1,3920.0,1004,points,10
Q010,SIM_IF,样例股指期货,future,2026-09-21,feed_b,2026-09-21T16:10:00+08:00,2026-09-21T16:12:00+08:00,3919.91,3920.11,3920.01,1004,points,11
Q011,SIM_T,样例国债期货,future,2026-09-21,feed_a,2026-09-21T16:10:00+08:00,2026-09-21T16:12:00+08:00,103.0,103.2,103.1,1005,points,12
Q012,SIM_T,样例国债期货,future,2026-09-21,feed_b,2026-09-21T16:10:00+08:00,2026-09-21T16:12:00+08:00,103.01,103.21,103.11,1005,points,13
Q015,SIM_BOND_10,样例国债 B,bond,2026-09-22,feed_a,2026-09-22T16:10:00+08:00,2026-09-22T16:12:00+08:00,0.02675,0.02685,0.0268,1031,yield_decimal,16
Q016,SIM_BOND_10,样例国债 B,bond,2026-09-22,feed_b,2026-09-22T16:10:00+08:00,2026-09-22T16:12:00+08:00,0.02677,0.02687,0.02682,1031,yield_decimal,17
Q013,SIM_BOND_3,样例国债 A,bond,2026-09-22,feed_a,2026-09-22T16:10:00+08:00,2026-09-22T16:12:00+08:00,0.02065,0.02075,0.0207,1030,yield_decimal,14
Q014,SIM_BOND_3,样例国债 A,bond,2026-09-22,feed_b,2026-09-22T16:10:00+08:00,2026-09-22T16:12:00+08:00,0.02067,0.02077,0.02072,1030,yield_decimal,15
Q017,SIM_EQ_A,样例股票 A,equity,2026-09-22,feed_a,2026-09-22T16:10:00+08:00,2026-09-22T16:12:00+08:00,24.75,24.85,24.8,1032,cny,18
Q018,SIM_EQ_A,样例股票 A,equity,2026-09-22,feed_b,2026-09-22T16:10:00+08:00,2026-09-22T16:12:00+08:00,24.76,24.86,24.81,1032,cny,19
Q019,SIM_EQ_B,样例股票 B,equity,2026-09-22,feed_a,2026-09-22T16:10:00+08:00,2026-09-22T16:12:00+08:00,17.85,17.95,17.9,1033,cny,20
Q020,SIM_EQ_B,样例股票 B,equity,2026-09-22,feed_b,2026-09-22T16:10:00+08:00,2026-09-22T16:12:00+08:00,17.86,17.96,17.91,1033,cny,21
Q021,SIM_IF,样例股指期货,future,2026-09-22,feed_a,2026-09-22T16:10:00+08:00,2026-09-22T16:12:00+08:00,3939.9,3940.1,3940.0,1034,points,22
Q022,SIM_IF,样例股指期货,future,2026-09-22,feed_b,2026-09-22T16:10:00+08:00,2026-09-22T16:12:00+08:00,3939.91,3940.11,3940.01,1034,points,23
Q023,SIM_T,样例国债期货,future,2026-09-22,feed_a,2026-09-22T16:10:00+08:00,2026-09-22T16:12:00+08:00,103.05,103.25,103.15,1035,points,24
Q024,SIM_T,样例国债期货,future,2026-09-22,feed_b,2026-09-22T16:10:00+08:00,2026-09-22T16:12:00+08:00,103.06,103.26,103.16,1035,points,25
Q027,SIM_BOND_10,样例国债 B,bond,2026-09-23,feed_a,2026-09-23T16:10:00+08:00,2026-09-23T16:12:00+08:00,0.02685,0.02695,0.0269,1061,yield_decimal,28
Q028,SIM_BOND_10,样例国债 B,bond,2026-09-23,feed_b,2026-09-23T16:10:00+08:00,2026-09-23T16:12:00+08:00,0.02687,0.02697,0.02692,1061,yield_decimal,29
Q025,SIM_BOND_3,样例国债 A,bond,2026-09-23,feed_a,2026-09-23T16:10:00+08:00,2026-09-23T16:12:00+08:00,0.02095,0.02105,0.021,1060,yield_decimal,26
Q026,SIM_BOND_3,样例国债 A,bond,2026-09-23,feed_b,2026-09-23T16:10:00+08:00,2026-09-23T16:12:00+08:00,0.02097,0.02107,0.02102,1060,yield_decimal,27
Q029,SIM_EQ_A,样例股票 A,equity,2026-09-23,feed_a,2026-09-23T16:10:00+08:00,2026-09-23T16:12:00+08:00,24.55,24.65,24.6,1062,cny,30
Q030,SIM_EQ_A,样例股票 A,equity,2026-09-23,feed_b,2026-09-23T16:10:00+08:00,2026-09-23T16:12:00+08:00,24.56,24.66,24.61,1062,cny,31
Q031,SIM_EQ_B,样例股票 B,equity,2026-09-23,feed_a,2026-09-23T16:10:00+08:00,2026-09-23T16:12:00+08:00,18.05,18.15,18.1,1063,cny,32
Q032,SIM_EQ_B,样例股票 B,equity,2026-09-23,feed_b,2026-09-23T16:10:00+08:00,2026-09-23T16:12:00+08:00,18.06,18.16,18.11,1063,cny,33
Q033,SIM_IF,样例股指期货,future,2026-09-23,feed_a,2026-09-23T16:10:00+08:00,2026-09-23T16:12:00+08:00,3909.9,3910.1,3910.0,1064,points,34
Q034,SIM_IF,样例股指期货,future,2026-09-23,feed_b,2026-09-23T16:10:00+08:00,2026-09-23T16:12:00+08:00,3909.91,3910.11,3910.01,1064,points,35
Q035,SIM_T,样例国债期货,future,2026-09-23,feed_a,2026-09-23T16:10:00+08:00,2026-09-23T16:12:00+08:00,102.9,103.1,103.0,1065,points,36
Q036,SIM_T,样例国债期货,future,2026-09-23,feed_b,2026-09-23T16:10:00+08:00,2026-09-23T16:12:00+08:00,102.91,103.11,103.01,1065,points,37
Q039,SIM_BOND_10,样例国债 B,bond,2026-09-24,feed_a,2026-09-24T16:10:00+08:00,2026-09-24T16:12:00+08:00,0.02655,0.02665,0.0266,1091,yield_decimal,40
Q040,SIM_BOND_10,样例国债 B,bond,2026-09-24,feed_b,2026-09-24T16:10:00+08:00,2026-09-24T16:12:00+08:00,0.02657,0.02667,0.02662,1091,yield_decimal,41
Q037,SIM_BOND_3,样例国债 A,bond,2026-09-24,feed_a,2026-09-24T16:10:00+08:00,2026-09-24T16:12:00+08:00,0.02085,0.02095,0.0209,1090,yield_decimal,38
Q038,SIM_BOND_3,样例国债 A,bond,2026-09-24,feed_b,2026-09-24T16:10:00+08:00,2026-09-24T16:12:00+08:00,0.02087,0.02097,0.02092,1090,yield_decimal,39
Q041,SIM_EQ_A,样例股票 A,equity,2026-09-24,feed_a,2026-09-24T16:10:00+08:00,2026-09-24T16:12:00+08:00,24.95,25.05,25.0,1092,cny,42
Q042,SIM_EQ_A,样例股票 A,equity,2026-09-24,feed_b,2026-09-24T16:10:00+08:00,2026-09-24T16:12:00+08:00,24.96,25.06,25.01,1092,cny,43
Q043,SIM_EQ_B,样例股票 B,equity,2026-09-24,feed_a,2026-09-24T16:10:00+08:00,2026-09-24T16:12:00+08:00,18.25,18.35,18.3,1093,cny,44
Q044,SIM_EQ_B,样例股票 B,equity,2026-09-24,feed_b,2026-09-24T16:10:00+08:00,2026-09-24T16:12:00+08:00,18.26,18.36,18.31,1093,cny,45
Q045,SIM_IF,样例股指期货,future,2026-09-24,feed_a,2026-09-24T16:10:00+08:00,2026-09-24T16:12:00+08:00,3949.9,3950.1,3950.0,1094,points,46
Q046,SIM_IF,样例股指期货,future,2026-09-24,feed_b,2026-09-24T16:10:00+08:00,2026-09-24T16:12:00+08:00,3949.91,3950.11,3950.01,1094,points,47
Q047,SIM_T,样例国债期货,future,2026-09-24,feed_a,2026-09-24T16:10:00+08:00,2026-09-24T16:12:00+08:00,102.95,103.15,103.05,1095,points,48
Q048,SIM_T,样例国债期货,future,2026-09-24,feed_b,2026-09-24T16:10:00+08:00,2026-09-24T16:12:00+08:00,102.96,103.16,103.06,1095,points,49
Q051,SIM_BOND_10,样例国债 B,bond,2026-09-25,feed_a,2026-09-25T16:10:00+08:00,2026-09-25T16:12:00+08:00,0.02645,0.02655,0.0265,1121,yield_decimal,52
Q052,SIM_BOND_10,样例国债 B,bond,2026-09-25,feed_b,2026-09-25T16:10:00+08:00,2026-09-25T16:12:00+08:00,0.02647,0.02657,0.02652,1121,yield_decimal,53
Q049,SIM_BOND_3,样例国债 A,bond,2026-09-25,feed_a,2026-09-25T16:10:00+08:00,2026-09-25T16:12:00+08:00,0.02055,0.02065,0.0206,1120,yield_decimal,50
Q050,SIM_BOND_3,样例国债 A,bond,2026-09-25,feed_b,2026-09-25T16:10:00+08:00,2026-09-25T16:12:00+08:00,0.02057,0.02067,0.02062,1120,yield_decimal,51
Q053,SIM_EQ_A,样例股票 A,equity,2026-09-25,feed_a,2026-09-25T16:10:00+08:00,2026-09-25T16:12:00+08:00,24.85,24.95,24.9,1122,cny,54
Q054,SIM_EQ_A,样例股票 A,equity,2026-09-25,feed_b,2026-09-25T16:10:00+08:00,2026-09-25T16:12:00+08:00,24.86,24.96,24.91,1122,cny,55
Q056,SIM_EQ_B,样例股票 B,equity,2026-09-25,feed_b,2026-09-25T16:10:00+08:00,2026-09-25T16:12:00+08:00,17.96,18.06,18.01,1123,cny,57
Q057,SIM_IF,样例股指期货,future,2026-09-25,feed_a,2026-09-25T16:10:00+08:00,2026-09-25T16:12:00+08:00,3944.9,3945.1,3945.0,1124,points,58
Q058,SIM_IF,样例股指期货,future,2026-09-25,feed_b,2026-09-25T16:10:00+08:00,2026-09-25T16:12:00+08:00,3944.91,3945.11,3945.01,1124,points,59
Q059,SIM_T,样例国债期货,future,2026-09-25,feed_a,2026-09-25T16:10:00+08:00,2026-09-25T16:12:00+08:00,103.1,103.3,103.2,1125,points,60
Q060,SIM_T,样例国债期货,future,2026-09-25,feed_b,2026-09-25T16:10:00+08:00,2026-09-25T16:12:00+08:00,103.11,103.31,103.21,1125,points,61
Q063,SIM_BOND_10,样例国债 B,bond,2026-09-28,feed_a,2026-09-28T16:10:00+08:00,2026-09-28T16:12:00+08:00,0.02625,0.02635,0.0263,1151,yield_decimal,64
Q064,SIM_BOND_10,样例国债 B,bond,2026-09-28,feed_b,2026-09-28T16:10:00+08:00,2026-09-28T16:12:00+08:00,0.02815,0.02825,0.0282,1151,yield_decimal,65
REV001,SIM_BOND_3,样例国债 A,bond,2026-09-28,feed_a,2026-09-28T17:00:00+08:00,2026-09-28T17:01:00+08:00,0.0205,0.0206,0.02055,1150,yield_decimal,72
Q062,SIM_BOND_3,样例国债 A,bond,2026-09-28,feed_b,2026-09-28T16:10:00+08:00,2026-09-28T16:12:00+08:00,0.02037,0.02047,0.02042,1150,yield_decimal,63
Q065,SIM_EQ_A,样例股票 A,equity,2026-09-28,feed_a,2026-09-28T16:10:00+08:00,2026-09-28T16:12:00+08:00,25.15,25.25,25.2,1152,cny,66
Q066,SIM_EQ_A,样例股票 A,equity,2026-09-28,feed_b,2026-09-28T16:10:00+08:00,2026-09-28T16:12:00+08:00,25.16,25.26,25.21,1152,cny,67
Q067,SIM_EQ_B,样例股票 B,equity,2026-09-28,feed_a,2026-09-28T16:10:00+08:00,2026-09-28T16:12:00+08:00,18.15,18.25,18.2,1153,cny,68
Q068,SIM_EQ_B,样例股票 B,equity,2026-09-28,feed_b,2026-09-28T16:10:00+08:00,2026-09-28T16:12:00+08:00,18.16,18.26,18.21,1153,cny,69
Q069,SIM_IF,样例股指期货,future,2026-09-28,feed_a,2026-09-28T16:10:00+08:00,2026-09-28T16:12:00+08:00,3979.9,3980.1,3980.0,1154,points,70
Q070,SIM_IF,样例股指期货,future,2026-09-28,feed_b,2026-09-28T16:10:00+08:00,2026-09-28T16:12:00+08:00,3979.91,3980.11,3980.01,1154,points,71
