date,var_fraction,realized_loss,breach
2024-10-23,0.019181141535838213,-0.004154147300785744,False
2024-10-24,0.019181141535838213,-0.00567242311199735,False
2024-10-25,0.019181141535838213,-0.005431519369161158,False
2024-10-28,0.019181141535838213,0.0009320062377461092,False
2024-10-29,0.019181141535838213,-0.005348529534797974,False
2024-10-30,0.019181141535838213,-0.0035946058117592604,False
2024-10-31,0.019181141535838213,-0.0030534414307200218,False
2024-11-01,0.019181141535838213,-0.0020107854335898907,False
2024-11-04,0.019181141535838213,-0.0004980938874724831,False
2024-11-05,0.019181141535838213,-0.00035814182751962766,False
2024-11-06,0.019181141535838213,0.000412726044497261,False
2024-11-07,0.019181141535838213,0.0060514890755110524,False
2024-11-08,0.019181141535838213,-0.007237256233267021,False
2024-11-11,0.019181141535838213,-0.0064608802848659065,False
2024-11-12,0.019181141535838213,-0.004968318487637214,False
2024-11-13,0.019181141535838213,-0.0019237386427724608,False
2024-11-14,0.019181141535838213,-0.010428225054318847,False
2024-11-15,0.019181141535838213,0.004443011698167811,False
2024-11-18,0.019181141535838213,0.003676541211925991,False
2024-11-19,0.019181141535838213,0.005388319527242731,False
2024-11-20,0.019181141535838213,0.003600560033142842,False
2024-11-21,0.019181141535838213,0.0024425368786690663,False
2024-11-22,0.019181141535838213,-0.0035689998747608508,False
2024-11-25,0.019181141535838213,0.015966199315923947,False
2024-11-26,0.019181141535838213,0.0001577597224980468,False
2024-11-27,0.019181141535838213,-0.00685641218560121,False
2024-11-28,0.019181141535838213,-0.0004242132246146566,False
2024-11-29,0.019181141535838213,0.000741630046351312,False
2024-12-02,0.019181141535838213,0.001175210274163555,False
2024-12-03,0.019181141535838213,-0.014133691482310282,False
2024-12-04,0.019181141535838213,-0.005001012030831872,False
2024-12-05,0.019181141535838213,0.00542816456217517,False
2024-12-06,0.019181141535838213,0.00596272360952089,False
2024-12-09,0.019181141535838213,-0.0017580468527518705,False
2024-12-10,0.019181141535838213,-0.005290497940763494,False
2024-12-11,0.019181141535838213,0.002149179904451012,False
2024-12-12,0.019181141535838213,-0.010749137861980352,False
2024-12-13,0.019181141535838213,-0.0027283487575786454,False
2024-12-16,0.019181141535838213,0.003594645664051053,False
2024-12-17,0.019181141535838213,0.022671048194916322,True
2024-12-18,0.019370533196259296,0.002004873594945096,False
2024-12-19,0.019370533196259296,-0.00013271095828351384,False
2024-12-20,0.019370533196259296,0.012017791571078676,False
2024-12-23,0.019370533196259296,-0.005959915766557161,False
2024-12-24,0.019370533196259296,0.01504196881973896,False
2024-12-25,0.019370533196259296,-0.0029904590327838403,False
2024-12-26,0.019370533196259296,-0.01166909659036556,False
2024-12-27,0.019370533196259296,-0.002173127677742049,False
2024-12-30,0.019370533196259296,-0.0017459877435860817,False
2024-12-31,0.019370533196259296,0.00344385955438071,False
2025-01-01,0.019370533196259296,0.010531325154933267,False
2025-01-02,0.019370533196259296,0.002268086139958504,False
2025-01-03,0.019370533196259296,-0.0006212850153672651,False
2025-01-06,0.019370533196259296,-0.011112729667681027,False
2025-01-07,0.019370533196259296,0.00937686205365958,False
2025-01-08,0.019370533196259296,0.0004411613925279878,False
2025-01-09,0.019370533196259296,-0.014771012769668425,False
2025-01-10,0.019370533196259296,0.0031174773517600456,False
2025-01-13,0.019370533196259296,-0.008357906897628142,False
2025-01-14,0.019370533196259296,-0.002616316614003206,False
2025-01-15,0.019370533196259296,-0.0009526487806927236,False
2025-01-16,0.019370533196259296,0.0039723599047653355,False
2025-01-17,0.019370533196259296,-0.00746846650257151,False
2025-01-20,0.019370533196259296,-0.008259575948209051,False
2025-01-21,0.019370533196259296,0.009416275638830228,False
2025-01-22,0.019370533196259296,0.005545731904513604,False
2025-01-23,0.019370533196259296,-0.0001628218595371943,False
2025-01-24,0.019370533196259296,0.008533174214134662,False
2025-01-27,0.019370533196259296,0.0056078130515558435,False
2025-01-28,0.019370533196259296,-0.0037891688087674158,False
2025-01-29,0.019370533196259296,0.003047186692995992,False
2025-01-30,0.019370533196259296,0.005570647765757837,False
2025-01-31,0.019370533196259296,0.0072453425593744306,False
2025-02-03,0.019370533196259296,-0.001287644899822211,False
2025-02-04,0.019370533196259296,-0.0030348471351653553,False
2025-02-05,0.019370533196259296,0.007590139595160986,False
2025-02-06,0.019370533196259296,-0.001397402319791959,False
2025-02-07,0.019370533196259296,0.00033120793075576557,False
2025-02-10,0.019370533196259296,-0.008764549171875972,False
2025-02-11,0.019370533196259296,-0.004685683479509583,False
2025-02-12,0.019370533196259296,-0.005570324013330528,False
2025-02-13,0.019370533196259296,0.0054856646297110675,False
2025-02-14,0.019370533196259296,0.0013278315329022176,False
2025-02-17,0.019370533196259296,-0.002404055092472613,False
2025-02-18,0.019370533196259296,-0.010207838729163516,False
2025-02-19,0.019370533196259296,0.009634526379756123,False
2025-02-20,0.019370533196259296,-0.002041194359046399,False
2025-02-21,0.019370533196259296,-0.002364905738363428,False
2025-02-24,0.019370533196259296,-0.006952805291928961,False
2025-02-25,0.019370533196259296,-0.0006480304908574174,False
2025-02-26,0.019370533196259296,-0.00029191600137012355,False
2025-02-27,0.019370533196259296,0.0043321612738456495,False
2025-02-28,0.019370533196259296,0.002691126756611366,False
2025-03-03,0.019370533196259296,0.00018604594368812891,False
2025-03-04,0.019370533196259296,-0.0026953512919986574,False
2025-03-05,0.019370533196259296,0.004057954182352429,False
2025-03-06,0.019370533196259296,-0.008608271715984859,False
2025-03-07,0.019370533196259296,-0.0007075870524057725,False
2025-03-10,0.019370533196259296,-0.005856865765102593,False
2025-03-11,0.019370533196259296,0.0018603769092263049,False
2025-03-12,0.019370533196259296,-0.008596337819104911,False
2025-03-13,0.019370533196259296,0.002765413267489915,False
2025-03-14,0.019370533196259296,-0.004516188227706348,False
2025-03-17,0.019370533196259296,0.0025314993753358327,False
2025-03-18,0.019370533196259296,0.01632918262857311,False
2025-03-19,0.019370533196259296,-0.007791694893954329,False
2025-03-20,0.019370533196259296,0.00013906434898625333,False
2025-03-21,0.019370533196259296,-0.0019370367260767517,False
2025-03-24,0.019370533196259296,0.009312609246337268,False
2025-03-25,0.019370533196259296,0.008586828667761106,False
2025-03-26,0.019370533196259296,0.00174297844806114,False
2025-03-27,0.019370533196259296,-0.006190215694544452,False
2025-03-28,0.019370533196259296,-0.00797042091740393,False
2025-03-31,0.019370533196259296,-0.008634907622237132,False
2025-04-01,0.019370533196259296,0.010326875416419305,False
2025-04-02,0.019181141535838213,-0.0009234411360281716,False
2025-04-03,0.019181141535838213,0.005432279073734126,False
2025-04-04,0.019181141535838213,0.0005654674512134846,False
2025-04-07,0.019181141535838213,-9.217365012626524e-05,False
2025-04-08,0.019181141535838213,-0.0022259787627280665,False
2025-04-09,0.019181141535838213,0.0021864929217718723,False
2025-04-10,0.019181141535838213,0.003942556381066821,False
2025-04-11,0.019181141535838213,0.010489438223242366,False
2025-04-14,0.019181141535838213,-0.009326979830673786,False
2025-04-15,0.019181141535838213,-5.309769630639145e-05,False
2025-04-16,0.019181141535838213,0.0004952723310837873,False
2025-04-17,0.019181141535838213,0.0139855984829556,False
2025-04-18,0.019181141535838213,-0.0018881409713331152,False
2025-04-21,0.017836006025910674,-0.0033026690209667356,False
2025-04-22,0.017836006025910674,-0.005540717569178158,False
2025-04-23,0.017086565652939055,-0.0030068546229980774,False
2025-04-24,0.017086565652939055,-0.027205116748967886,False
2025-04-25,0.017086565652939055,0.008344333930359472,False
2025-04-28,0.017086565652939055,0.01366494420349919,False
2025-04-29,0.017086565652939055,-0.007128757018920273,False
2025-04-30,0.017086565652939055,-0.0009534529943978148,False
2025-05-01,0.017086565652939055,0.0014221377562079838,False
2025-05-02,0.01632918262857311,0.011618017791303,False
2025-05-05,0.01632918262857311,-0.009024573923964368,False
2025-05-06,0.01632918262857311,-0.008807558380285041,False
2025-05-07,0.01632918262857311,-0.001956184870226662,False
2025-05-08,0.01632918262857311,0.00045676394250467696,False
2025-05-09,0.01632918262857311,-0.008318913065253102,False
2025-05-12,0.01632918262857311,-0.005210776353501685,False
2025-05-13,0.01632918262857311,0.0062449908047962945,False
2025-05-14,0.01632918262857311,0.014379541872374663,False
2025-05-15,0.01632918262857311,-0.005368425161418698,False
2025-05-16,0.01632918262857311,0.0035609809013790322,False
2025-05-19,0.01632918262857311,-0.012733516808281277,False
2025-05-20,0.01632918262857311,-0.0007380845841519963,False
2025-05-21,0.01632918262857311,0.027546693444805346,True
2025-05-22,0.017836006025910674,0.0222302459695324,True
2025-05-23,0.0222302459695324,0.0021438027496416675,False
2025-05-26,0.0222302459695324,-0.002430194400708767,False
2025-05-27,0.0222302459695324,-0.0037842584019556853,False
2025-05-28,0.017836006025910674,-0.008186616477922175,False
2025-05-29,0.017836006025910674,0.012469613730737258,False
2025-05-30,0.017836006025910674,0.008429372030709785,False
2025-06-02,0.017836006025910674,-0.0030617989349195655,False
2025-06-03,0.017836006025910674,0.0037807283274174474,False
2025-06-04,0.017836006025910674,-0.005569050849346642,False
2025-06-05,0.017836006025910674,0.010160262568070198,False
2025-06-06,0.017836006025910674,-0.008083219554683416,False
2025-06-09,0.017836006025910674,-0.0068472163860401995,False
2025-06-10,0.017836006025910674,-0.006610381163214902,False
2025-06-11,0.017836006025910674,-0.00034128382798524347,False
2025-06-12,0.017836006025910674,-0.00505768286518001,False
2025-06-13,0.017836006025910674,-0.0017752674944770486,False
2025-06-16,0.017836006025910674,-0.00025456351870713564,False
2025-06-17,0.017836006025910674,-0.010902093388750787,False
2025-06-18,0.017836006025910674,-5.368277879904277e-05,False
2025-06-19,0.017836006025910674,-0.012105139315113348,False
2025-06-20,0.017836006025910674,-0.01512352427941509,False
2025-06-23,0.017836006025910674,-0.0043873487716409,False
2025-06-24,0.017836006025910674,0.01671969020565551,False
2025-06-25,0.017836006025910674,-0.00868972431958821,False
2025-06-26,0.017836006025910674,0.0028730434284680007,False
2025-06-27,0.017836006025910674,-0.01426647449415962,False
2025-06-30,0.017836006025910674,0.013272930016733736,False
2025-07-01,0.017836006025910674,0.009558209991508984,False
2025-07-02,0.01671969020565551,0.004971482201418469,False
2025-07-03,0.01671969020565551,-0.024333185253439735,False
2025-07-04,0.01671969020565551,0.0030900957298518337,False
2025-07-07,0.01671969020565551,-0.003375082509487765,False
2025-07-08,0.01671969020565551,-0.0016233772820894484,False
2025-07-09,0.01671969020565551,-0.012112266001746154,False
2025-07-10,0.01671969020565551,0.0006080397415937043,False
2025-07-11,0.01671969020565551,-0.0030096892342066175,False
2025-07-14,0.01671969020565551,-0.004040888632661622,False
2025-07-15,0.01671969020565551,0.00820323269433559,False
2025-07-16,0.01671969020565551,-0.0017373218909900992,False
2025-07-17,0.01671969020565551,1.3742689857122346e-07,False
2025-07-18,0.01671969020565551,0.00417917569934351,False
2025-07-21,0.01671969020565551,0.005105163272169733,False
2025-07-22,0.01632918262857311,-0.005126890202160981,False
2025-07-23,0.01632918262857311,-0.0050544591977883776,False
2025-07-24,0.01632918262857311,0.008446838107097463,False
2025-07-25,0.01632918262857311,-0.0004639353532713736,False
2025-07-28,0.01632918262857311,0.0059408486131360206,False
2025-07-29,0.01632918262857311,-0.01485051081085447,False
2025-07-30,0.01632918262857311,0.003528762924069824,False
2025-07-31,0.01632918262857311,-0.004860100712017111,False
2025-08-01,0.01632918262857311,0.011099459905587554,False
2025-08-04,0.01632918262857311,0.011485601163985205,False
2025-08-05,0.01632918262857311,-0.0043902014877291035,False
2025-08-06,0.01632918262857311,-0.012808058074814218,False
2025-08-07,0.01632918262857311,-0.0019730910397021007,False
2025-08-08,0.01632918262857311,0.0001226452557572156,False
2025-08-11,0.01632918262857311,-0.004431375970563842,False
2025-08-12,0.01632918262857311,-0.008637696536295751,False
2025-08-13,0.015966199315923947,0.008884085501538954,False
2025-08-14,0.015966199315923947,0.0008957611312185163,False
2025-08-15,0.015966199315923947,-0.014210703470889366,False
2025-08-18,0.015966199315923947,-0.001530776837309761,False
2025-08-19,0.015966199315923947,0.0009993869371597013,False
2025-08-20,0.015966199315923947,-0.003658842395359283,False
2025-08-21,0.015966199315923947,0.001873621840916386,False
2025-08-22,0.015966199315923947,0.0014896791034235209,False
2025-08-25,0.015966199315923947,-0.00722336280073916,False
2025-08-26,0.015966199315923947,0.004612396756455617,False
2025-08-27,0.015966199315923947,-0.0008062765242698253,False
2025-08-28,0.015966199315923947,-0.00801229916834623,False
2025-08-29,0.015966199315923947,0.0068966403845105205,False
2025-09-01,0.015966199315923947,0.008288172800816205,False
2025-09-02,0.015966199315923947,0.011060957158657046,False
2025-09-03,0.015966199315923947,-0.009278688227131847,False
2025-09-04,0.015966199315923947,0.005650549496786803,False
2025-09-05,0.015966199315923947,-0.0007996034577508822,False
2025-09-08,0.015966199315923947,0.0037261191325887776,False
2025-09-09,0.015966199315923947,-0.00344058442452187,False
2025-09-10,0.015966199315923947,-0.01195848946130779,False
2025-09-11,0.015966199315923947,0.0009239123616694742,False
2025-09-12,0.015966199315923947,-0.007189730956616923,False
2025-09-15,0.015966199315923947,0.0011923901671357263,False
2025-09-16,0.015966199315923947,0.012613203143628678,False
2025-09-17,0.015966199315923947,0.00895369959511376,False
2025-09-18,0.015966199315923947,-0.0019455029650315872,False
2025-09-19,0.015966199315923947,0.008327013817768422,False
2025-09-22,0.015966199315923947,-0.0017592353300434945,False
2025-09-23,0.015966199315923947,-0.0005689888567512331,False
2025-09-24,0.015966199315923947,-0.010154684119669676,False
2025-09-25,0.015966199315923947,-0.001546390948800182,False
2025-09-26,0.01504196881973896,0.001030880731269902,False
2025-09-29,0.01504196881973896,0.004574884706856813,False
2025-09-30,0.01504196881973896,-0.006385981669155144,False
2025-10-01,0.01504196881973896,0.0006893557652289177,False
2025-10-02,0.01504196881973896,0.005749656483404971,False
2025-10-03,0.01504196881973896,-0.003450619550489539,False
2025-10-06,0.01504196881973896,0.00012549490952107215,False
2025-10-07,0.01504196881973896,0.022127961442603806,True
2025-10-08,0.015966199315923947,0.0013788288878757587,False
2025-10-09,0.015966199315923947,0.01839480793955773,True
2025-10-10,0.01632918262857311,0.002223827839449736,False
2025-10-13,0.01632918262857311,-0.007582492615800575,False
2025-10-14,0.01632918262857311,0.010764329697195513,False
2025-10-15,0.01632918262857311,-3.6371796188146874e-06,False
2025-10-16,0.01632918262857311,-0.017576283655066922,False
2025-10-17,0.01632918262857311,0.009605699096022076,False
2025-10-20,0.01632918262857311,0.0008750222242997497,False
2025-10-21,0.01632918262857311,0.0030690002503153528,False
2025-10-22,0.01632918262857311,0.015071487201939746,False
2025-10-23,0.01632918262857311,-0.006336941740124525,False
2025-10-24,0.01632918262857311,0.0020737770982314336,False
2025-10-27,0.01632918262857311,0.0025536136014386586,False
2025-10-28,0.01632918262857311,-0.00025794465979859084,False
2025-10-29,0.01632918262857311,-0.003371374330133517,False
2025-10-30,0.01632918262857311,0.008739217102261308,False
2025-10-31,0.01632918262857311,0.0011820646477591517,False
2025-11-03,0.01632918262857311,-0.0038452943424971318,False
2025-11-04,0.01632918262857311,-0.0030397650450698973,False
2025-11-05,0.01632918262857311,0.001273351220284127,False
2025-11-06,0.01632918262857311,-0.0016622838529407582,False
2025-11-07,0.01632918262857311,-0.004089287055438965,False
2025-11-10,0.01632918262857311,0.02622905685203727,True
2025-11-11,0.01671969020565551,0.008782964662608868,False
2025-11-12,0.01671969020565551,0.0074324289003955945,False
2025-11-13,0.01671969020565551,-0.0009169893039851319,False
2025-11-14,0.01671969020565551,0.00043263098656108276,False
2025-11-17,0.01671969020565551,0.0036785143196012768,False
2025-11-18,0.01671969020565551,0.010708191032406179,False
2025-11-19,0.01671969020565551,-0.002032443804147714,False
2025-11-20,0.01671969020565551,0.0003124960821865082,False
2025-11-21,0.01671969020565551,0.0008888916408344622,False
2025-11-24,0.01671969020565551,-0.0008733417104476904,False
2025-11-25,0.01671969020565551,-0.0041611095787675995,False
2025-11-26,0.01671969020565551,-0.009374639834604147,False
2025-11-27,0.01671969020565551,0.011059309301472208,False
2025-11-28,0.01671969020565551,-0.009558742797792463,False
2025-12-01,0.01671969020565551,-0.003949440882395006,False
2025-12-02,0.01671969020565551,-0.017037344091782893,False
2025-12-03,0.01671969020565551,0.0032626983927662658,False
2025-12-04,0.01671969020565551,-0.009914383563319706,False
2025-12-05,0.01632918262857311,0.007425728522184521,False
2025-12-08,0.01632918262857311,-0.012969456940156165,False
2025-12-09,0.01632918262857311,-0.0023415130169459545,False
2025-12-10,0.01632918262857311,0.006670011863338673,False
2025-12-11,0.01632918262857311,-0.013607875072958107,False
2025-12-12,0.01632918262857311,0.0034919498807326047,False
2025-12-15,0.01632918262857311,-0.0007894894582439092,False
2025-12-16,0.01632918262857311,-0.0010495341398577115,False
2025-12-17,0.01632918262857311,0.002866565048359151,False
2025-12-18,0.01632918262857311,-0.0045640669459437,False
2025-12-19,0.01632918262857311,-0.006115120105398285,False
2025-12-22,0.01632918262857311,-0.0015275659833207198,False
2025-12-23,0.01632918262857311,0.00032623598639874006,False
2025-12-24,0.01632918262857311,-0.006638759350395559,False
2025-12-25,0.01632918262857311,-0.001828996444943587,False
2025-12-26,0.01632918262857311,0.017631808880282037,True
2025-12-29,0.01671969020565551,-0.001549205632338103,False
2025-12-30,0.01671969020565551,0.003462262135004553,False
2025-12-31,0.01671969020565551,-0.005476718630570899,False
2026-01-01,0.01671969020565551,-0.0032686615792763205,False
2026-01-02,0.01671969020565551,-0.016107604732020584,False
2026-01-05,0.01671969020565551,-0.004436486050565195,False
2026-01-06,0.01671969020565551,0.00815195116510044,False
2026-01-07,0.01671969020565551,0.003616115914475269,False
2026-01-08,0.01671969020565551,-0.0006384936250538703,False
2026-01-09,0.01671969020565551,-0.007589320035524993,False
2026-01-12,0.01671969020565551,-0.014439538905025693,False
2026-01-13,0.01671969020565551,0.00517114568279744,False
2026-01-14,0.01671969020565551,-0.0008359640723415271,False
2026-01-15,0.01671969020565551,0.0020709310844986475,False
2026-01-16,0.01671969020565551,-0.012759594579689615,False
2026-01-19,0.01671969020565551,0.005297070993582086,False
2026-01-20,0.01671969020565551,-0.008901368716530605,False
2026-01-21,0.01671969020565551,-0.0015813976466509084,False
2026-01-22,0.01671969020565551,-0.0015403270919749257,False
2026-01-23,0.01671969020565551,0.008017578787819899,False
2026-01-26,0.01671969020565551,-0.0005141340558152636,False
2026-01-27,0.01671969020565551,-0.005733718581430798,False
2026-01-28,0.01671969020565551,-0.006532392932374964,False
2026-01-29,0.01671969020565551,0.008290037154705545,False
2026-01-30,0.01671969020565551,0.005421726061235789,False
2026-02-02,0.01671969020565551,0.0028156434051652703,False
2026-02-03,0.01671969020565551,-0.0022897164438625307,False
2026-02-04,0.01671969020565551,0.002035887123959612,False
2026-02-05,0.01671969020565551,-0.008062003623575236,False
2026-02-06,0.01671969020565551,0.008380535035349308,False
2026-02-09,0.01671969020565551,0.002474546649749583,False
2026-02-10,0.01671969020565551,-0.013015742339663672,False
2026-02-11,0.01671969020565551,-0.008702280905228345,False
2026-02-12,0.01671969020565551,-0.0030935642417376937,False
2026-02-13,0.01671969020565551,0.004411588793171263,False
2026-02-16,0.01671969020565551,0.00950822811383319,False
2026-02-17,0.01671969020565551,-0.0031380696707113804,False
2026-02-18,0.01671969020565551,2.578861358380718e-05,False
2026-02-19,0.01671969020565551,-0.00038366249553735296,False
2026-02-20,0.01671969020565551,0.026372762453830113,True
2026-02-23,0.017631808880282037,-0.0023070502634083114,False
2026-02-24,0.017631808880282037,-0.004929898331310602,False
2026-02-25,0.017631808880282037,0.0005422097995415551,False
2026-02-26,0.017631808880282037,0.005819751261824311,False
2026-02-27,0.017631808880282037,-0.017121564695746546,False
2026-03-02,0.017631808880282037,-0.006242452970109084,False
2026-03-03,0.017631808880282037,-0.0007167075051630359,False
2026-03-04,0.017631808880282037,-0.000612651939587504,False
2026-03-05,0.017631808880282037,0.009627892259948015,False
2026-03-06,0.017631808880282037,-0.009374194707601112,False
2026-03-09,0.017631808880282037,0.011483800222749932,False
2026-03-10,0.017631808880282037,0.0004802128845755577,False
2026-03-11,0.017631808880282037,-0.0010939721095867356,False
2026-03-12,0.017631808880282037,-0.004627713041886046,False
2026-03-13,0.017631808880282037,-0.003879452939626747,False
2026-03-16,0.017631808880282037,-0.008911861118309588,False
2026-03-17,0.017631808880282037,-0.006627777768010454,False
2026-03-18,0.017631808880282037,-0.00024441081498563174,False
2026-03-19,0.017631808880282037,-0.0022785207028606608,False
2026-03-20,0.017631808880282037,0.007153325385174726,False
2026-03-23,0.017631808880282037,0.010578035719579607,False
2026-03-24,0.017631808880282037,-0.018003120410068296,False
2026-03-25,0.017631808880282037,-0.009346863130618234,False
2026-03-26,0.017631808880282037,0.011285983693911851,False
2026-03-27,0.017631808880282037,-0.0030665859326487353,False
2026-03-30,0.017631808880282037,-0.011932907554686945,False
2026-03-31,0.017631808880282037,0.013761259854014267,False
2026-04-01,0.017631808880282037,0.00980933880549961,False
2026-04-02,0.017631808880282037,0.007712868938096414,False
2026-04-03,0.017631808880282037,-0.0003862624169234253,False
2026-04-06,0.017631808880282037,0.005959039600589784,False
2026-04-07,0.017631808880282037,0.006329062858893505,False
2026-04-08,0.017631808880282037,0.0006544333761334268,False
2026-04-09,0.017631808880282037,-0.034560057255467506,False
2026-04-10,0.017631808880282037,-0.012433457472421165,False
2026-04-13,0.017631808880282037,0.002673388458401949,False
2026-04-14,0.017631808880282037,-0.007027144023473065,False
2026-04-15,0.017631808880282037,0.008383892364640138,False
2026-04-16,0.017631808880282037,-0.010316967179743002,False
2026-04-17,0.017631808880282037,0.005283147528054897,False
2026-04-20,0.017631808880282037,-0.010575107924736633,False
2026-04-21,0.017631808880282037,0.006901716860817479,False
2026-04-22,0.017631808880282037,-0.00012133646482583092,False
2026-04-23,0.017631808880282037,0.006475530426407361,False
2026-04-24,0.017631808880282037,0.0021241611708775806,False
2026-04-27,0.017631808880282037,-0.0002454093182733014,False
2026-04-28,0.017631808880282037,0.003761812312197718,False
2026-04-29,0.017631808880282037,-0.004010503118017862,False
2026-04-30,0.017631808880282037,0.005676625463564279,False
2026-05-01,0.017631808880282037,0.005122975581903299,False
2026-05-04,0.017631808880282037,-0.004598227904646762,False
2026-05-05,0.017631808880282037,-0.0032586308066893505,False
2026-05-06,0.017631808880282037,-0.0015987598092241004,False
2026-05-07,0.017631808880282037,0.008348266909709037,False
2026-05-08,0.017631808880282037,0.004527203881699099,False
2026-05-11,0.01671969020565551,0.0042856510757734055,False
2026-05-12,0.015071487201939746,0.0014001634329781198,False
2026-05-13,0.015071487201939746,-0.0023582100533634225,False
2026-05-14,0.015071487201939746,0.010729604736534335,False
2026-05-15,0.015071487201939746,-0.003950044545964754,False
2026-05-18,0.015071487201939746,-0.005666804975843447,False
2026-05-19,0.015071487201939746,0.0028808018612959422,False
2026-05-20,0.015071487201939746,0.003428863374481085,False
2026-05-21,0.015071487201939746,0.0073959253400811,False
2026-05-22,0.015071487201939746,0.004946669096775146,False
2026-05-25,0.015071487201939746,0.002384183490213969,False
2026-05-26,0.015071487201939746,-0.00015524403970769348,False
2026-05-27,0.015071487201939746,-0.002078041402180983,False
2026-05-28,0.015071487201939746,-0.005756643641541843,False
2026-05-29,0.015071487201939746,-0.00029389969081383227,False
2026-06-01,0.015071487201939746,0.00579793341850013,False
2026-06-02,0.015071487201939746,-0.0017697531613390073,False
2026-06-03,0.015071487201939746,0.008758177435688987,False
2026-06-04,0.015071487201939746,0.0031982308148699014,False
2026-06-05,0.015071487201939746,-0.006699081719165315,False
2026-06-08,0.015071487201939746,-0.007909373010161997,False
2026-06-09,0.015071487201939746,0.007124238430210924,False
2026-06-10,0.015071487201939746,-0.0034130028987391756,False
2026-06-11,0.015071487201939746,0.002702018192285135,False
2026-06-12,0.013761259854014267,-0.002123469768883094,False
2026-06-15,0.013761259854014267,-0.0019321433623744333,False
2026-06-16,0.013761259854014267,0.013114283083588014,False
2026-06-17,0.013761259854014267,0.007362945622821438,False
2026-06-18,0.013761259854014267,-0.0031134619646728274,False
2026-06-19,0.013761259854014267,-0.0036895687600341995,False
2026-06-22,0.013761259854014267,-0.002031548105035151,False
2026-06-23,0.013761259854014267,0.01763393377226801,True
2026-06-24,0.015071487201939746,0.005832090766219599,False
2026-06-25,0.015071487201939746,0.0020656309167390724,False
2026-06-26,0.015071487201939746,2.320269488873699e-05,False
2026-06-29,0.015071487201939746,0.0037433860142457795,False
2026-06-30,0.015071487201939746,0.004326421753593931,False
2026-07-01,0.015071487201939746,0.0022485818825570287,False
2026-07-02,0.015071487201939746,0.0025066289765249814,False
2026-07-03,0.015071487201939746,0.000389372560365666,False
2026-07-06,0.015071487201939746,0.009458683156212053,False
2026-07-07,0.015071487201939746,0.019215617186268987,True
2026-07-08,0.017631808880282037,0.004626292159759577,False
2026-07-09,0.017631808880282037,0.008702311200209168,False
2026-07-10,0.017631808880282037,0.005368876395827581,False
2026-07-13,0.017631808880282037,-0.0011807616002653394,False
2026-07-14,0.017631808880282037,0.005590012186868304,False
2026-07-15,0.017631808880282037,0.0017469975588697794,False
2026-07-16,0.017631808880282037,0.014149857940554051,False
2026-07-17,0.017631808880282037,0.006593807068902223,False
2026-07-20,0.017631808880282037,0.0045202997486849346,False
2026-07-21,0.017631808880282037,-0.016305693997268632,False
2026-07-22,0.017631808880282037,0.006838898844818748,False
2026-07-23,0.017631808880282037,-0.0036544240692100026,False
2026-07-24,0.017631808880282037,0.007773729326777029,False
2026-07-27,0.017631808880282037,-0.0035678452266150514,False
2026-07-28,0.017631808880282037,0.005243927754459936,False
2026-07-29,0.017631808880282037,-0.008403448747806826,False
2026-07-30,0.017631808880282037,0.007612651817271282,False
2026-07-31,0.017631808880282037,-0.0004545287393433132,False
2026-08-03,0.017631808880282037,-0.0017333780151315421,False
2026-08-04,0.017631808880282037,-0.0012689460721191028,False
2026-08-05,0.017631808880282037,-0.0036136075008904906,False
2026-08-06,0.017631808880282037,0.015520368018581412,False
2026-08-07,0.017631808880282037,0.004805092666502597,False
2026-08-10,0.017631808880282037,0.007478328928743703,False
2026-08-11,0.017631808880282037,-0.007956374676632122,False
2026-08-12,0.017631808880282037,0.005958760867734934,False
2026-08-13,0.017631808880282037,0.016710610362014017,False
2026-08-14,0.017631808880282037,0.0011379220558846717,False
2026-08-17,0.017631808880282037,-0.006990609442058939,False
2026-08-18,0.017631808880282037,0.006256250858038399,False
2026-08-19,0.017631808880282037,-0.0018226639821929212,False
2026-08-20,0.017631808880282037,-0.00362297765619772,False
2026-08-21,0.017631808880282037,-0.002278071145272333,False
2026-08-24,0.017631808880282037,-0.0031071011277668576,False
2026-08-25,0.017631808880282037,0.002009077564071818,False
2026-08-26,0.017631808880282037,0.0014270842246775469,False
2026-08-27,0.017631808880282037,-0.005930781443626707,False
2026-08-28,0.017631808880282037,0.0016532534602350629,False
2026-08-31,0.017631808880282037,0.006981826102751658,False
2026-09-01,0.017631808880282037,0.0003958388372828892,False
2026-09-02,0.017631808880282037,0.004653485658354806,False
2026-09-03,0.017631808880282037,0.004097103989444864,False
2026-09-04,0.017631808880282037,-0.0032290550040087883,False
2026-09-07,0.017631808880282037,-0.017080349103370893,False
2026-09-08,0.017631808880282037,-0.0013922467714406737,False
2026-09-09,0.017631808880282037,0.0054571380649960114,False
2026-09-10,0.017631808880282037,0.006731504092493899,False
2026-09-11,0.017631808880282037,0.008211605943100084,False
2026-09-14,0.017631808880282037,0.0009918801608841815,False
2026-09-15,0.017631808880282037,0.0007910036212415252,False
2026-09-16,0.017631808880282037,-0.010436023542276246,False
2026-09-17,0.017631808880282037,-0.0019326598800020163,False
2026-09-18,0.017631808880282037,0.021612014558063917,True
2026-09-21,0.01763393377226801,-8.9764799792648e-05,False
2026-09-22,0.01763393377226801,-0.003694722228324222,False
2026-09-23,0.01763393377226801,0.0031390374069196142,False
2026-09-24,0.01763393377226801,-0.002987665126469319,False
2026-09-25,0.017631808880282037,0.025628993094115322,True
2026-09-28,0.01763393377226801,0.0073214957785720436,False
