date,portfolio_return
2023-11-06,0.0043432532769381044
2023-11-07,0.0065019354478666738
2023-11-08,-2.5707619404461861e-05
2023-11-09,0.0067752024236993275
2023-11-10,0.0044769137028560701
2023-11-13,-0.0035202386858858114
2023-11-14,0.0028470734493784341
2023-11-15,0.0015284604155413719
2023-11-16,-0.0012323271659238526
2023-11-17,0.0050174129022153673
2023-11-20,0.0066648687619377568
2023-11-21,-0.0017398554595065402
2023-11-22,0.0034054039984254855
2023-11-23,0.0034968142762683424
2023-11-24,0.0064782539620752344
2023-11-27,0.0055508642454828458
2023-11-28,-0.012439519394727516
2023-11-29,-0.0071106437700143126
2023-11-30,-0.0068134972572269845
2023-12-01,-0.003683446580820462
2023-12-04,0.0022675704563428294
2023-12-05,-0.0067232107059569182
2023-12-06,-0.013851490524727969
2023-12-07,0.0058017430386102546
2023-12-08,-0.0026176895725748901
2023-12-11,0.0074746055641664519
2023-12-12,-0.0021065355883478415
2023-12-13,0.0069326785223090262
2023-12-14,0.0047393863851964285
2023-12-15,0.0020231500312888626
2023-12-18,-0.01754802193550534
2023-12-19,5.5861301734472842e-05
2023-12-20,-0.0018206460463395773
2023-12-21,0.0097068803395712246
2023-12-22,-0.0042342163474519117
2023-12-25,-0.011844950711069524
2023-12-26,-0.0051226213721652899
2023-12-27,0.0027822407630944371
2023-12-28,0.010608236320946006
2023-12-29,0.0013804838979581237
2024-01-01,0.0043959844614371657
2024-01-02,-0.0075288096023872339
2024-01-03,-0.00099914435934383809
2024-01-04,-0.0070889166768559305
2024-01-05,0.0013026297321271545
2024-01-08,0.011761839312983271
2024-01-09,-0.0095471817689431523
2024-01-10,-0.0039316207744228655
2024-01-11,0.0092241009771548855
2024-01-12,-0.014950904434616373
2024-01-15,-0.0017776766930353723
2024-01-16,0.0073889696350192416
2024-01-17,-0.0085738592131355939
2024-01-18,-0.0039214315021828374
2024-01-19,0.0072645373546922709
2024-01-22,0.007318553683327329
2024-01-23,-0.0022681827739697365
2024-01-24,0.007050278749247906
2024-01-25,0.0080393342639402572
2024-01-26,0.009868780664216736
2024-01-29,0.0015942162030454033
2024-01-30,0.0046202657427562863
2024-01-31,-0.00097315965938886439
2024-02-01,0.011759862172670554
2024-02-02,-0.004167900269352048
2024-02-05,0.0021505069403322148
2024-02-06,0.01028103972089058
2024-02-07,-0.0069287755569623745
2024-02-08,6.7264233013917066e-05
2024-02-09,0.0026496127783058095
2024-02-12,0.0092859439337394118
2024-02-13,-0.0045186048432287037
2024-02-14,-4.4404379563657066e-05
2024-02-15,-0.0013580373934866004
2024-02-16,0.015187910522471777
2024-02-19,-0.0072847917446858482
2024-02-20,0.011796453648695358
2024-02-21,-0.011901957241167702
2024-02-22,-0.0004608206811196955
2024-02-23,-0.016086382269104728
2024-02-26,-0.014844086344655375
2024-02-27,0.023968932555837687
2024-02-28,0.00075583181011953742
2024-02-29,0.0029565956875902411
2024-03-01,0.00079588465292403283
2024-03-04,0.001770796048071148
2024-03-05,-0.0041465460746253043
2024-03-06,-0.0030048715499475576
2024-03-07,0.0028590067988413102
2024-03-08,-0.0023283928102491389
2024-03-11,0.0045586847983466626
2024-03-12,0.0016360909499250251
2024-03-13,0.0060984902319159116
2024-03-14,0.0037424872149132904
2024-03-15,-0.0082990708339563245
2024-03-18,-0.0010425329986548297
2024-03-19,-0.0018549460464263425
2024-03-20,-0.0036845846199691865
2024-03-21,-0.0074333338060487237
2024-03-22,0.018730660310461812
2024-03-25,0.00077466043402617593
2024-03-26,-0.0047810615238691508
2024-03-27,0.0084308804363123855
2024-03-28,0.009524131364726322
2024-03-29,0.0022961526166589957
2024-04-01,0.0059784096777411363
2024-04-02,0.0020849778547339963
2024-04-03,0.011484222761409028
2024-04-04,0.0010329899797780154
2024-04-05,0.0043520880633477928
2024-04-08,-0.0063991467350022193
2024-04-09,-0.0066990832924608331
2024-04-10,0.013683952653748747
2024-04-11,-0.0023385319492476788
2024-04-12,-0.021296976084107983
2024-04-15,-0.0065629018222922927
2024-04-16,0.0044007320229353108
2024-04-17,0.0058617972059624244
2024-04-18,0.0050838958632359607
2024-04-19,0.0021881339739252938
2024-04-22,-0.0068283669087295436
2024-04-23,-0.010378891077718659
2024-04-24,0.0029130103402718525
2024-04-25,0.0031002591623599343
2024-04-26,0.014074040317999382
2024-04-29,0.012667038453654448
2024-04-30,0.016336875275931088
2024-05-01,-0.019370533196259296
2024-05-02,0.003138259681712989
2024-05-03,-0.019181141535838213
2024-05-06,0.0050069301542506666
2024-05-07,-0.0085138724293827538
2024-05-08,-0.0023872765523936332
2024-05-09,0.0034224348178044338
2024-05-10,0.00066783486504652483
2024-05-13,-0.0022852082780746817
2024-05-14,-0.017086565652939055
2024-05-15,-0.0019190754552394435
2024-05-16,-0.0059244032225950682
2024-05-17,-0.0021622368787818595
2024-05-20,-0.006443966770724386
2024-05-21,-0.002415406348161969
2024-05-22,0.018017430089122332
2024-05-23,-0.0046823567085135563
2024-05-24,-0.0079519794651536774
2024-05-27,-0.0011861033956208208
2024-05-28,0.0033114576509245767
2024-05-29,0.0040105480728259814
2024-05-30,-0.0055014715662059926
2024-05-31,0.0012533627360800134
2024-06-03,0.0038176559856039002
2024-06-04,-0.0019139175167422161
2024-06-05,-0.0055452100721207469
2024-06-06,0.0014938325039026176
2024-06-07,-0.023434853868686271
2024-06-10,-0.0024521561997170038
2024-06-11,-0.0061534754424721581
2024-06-12,-0.00068689926998364713
2024-06-13,0.0013409618012944758
2024-06-14,-0.0021556669879269335
2024-06-17,0.010206117730749528
2024-06-18,-0.00041859366015853958
2024-06-19,0.0039907218787561538
2024-06-20,0.0044366285040264861
2024-06-21,0.010872351529636637
2024-06-24,-0.0034378464453285146
2024-06-25,-0.0046579152820751778
2024-06-26,0.010799974982772782
2024-06-27,-0.0029711098641552469
2024-06-28,-0.0028408422431215295
2024-07-01,-0.0031665075096683087
2024-07-02,0.0054786857139587919
2024-07-03,-0.0062688683554627932
2024-07-04,-0.0093376266816136751
2024-07-05,-0.0021674580127536568
2024-07-08,0.01208530380264777
2024-07-09,0.0080143558603264515
2024-07-10,-0.0065135988019047256
2024-07-11,0.0021731230635896551
2024-07-12,-0.023228326271496198
2024-07-15,-0.0043032277379694188
2024-07-16,0.0014002187690823008
2024-07-17,-0.0067579594518187326
2024-07-18,0.0028222385976667415
2024-07-19,0.010567691011094582
2024-07-22,-0.0093118006942964938
2024-07-23,-0.0058326086802947194
2024-07-24,0.0022140688625931679
2024-07-25,0.0041916223512867097
2024-07-26,0.0018425419735089187
2024-07-29,-0.0021904049111127941
2024-07-30,0.0025276340766245018
2024-07-31,0.0081345764421542049
2024-08-01,-0.025931726858288217
2024-08-02,-0.0036732210508790661
2024-08-05,-0.014845742968790593
2024-08-06,0.015427037905932649
2024-08-07,0.022603094110451437
2024-08-08,-0.0047255317400192176
2024-08-09,0.0078898511111771194
2024-08-12,-0.0052012806025905226
2024-08-13,-0.0012898573399333048
2024-08-14,0.0028377734083377551
2024-08-15,-0.0037576498558071509
2024-08-16,0.0022310656526159638
2024-08-19,0.0052398746079209612
2024-08-20,0.011751603230255332
2024-08-21,0.0051253763161222838
2024-08-22,-0.002687909248751313
2024-08-23,-0.017836006025910674
2024-08-26,0.017032384533921033
2024-08-27,0.0019998606373137725
2024-08-28,-0.0057117659940198878
2024-08-29,-0.0035796780704988214
2024-08-30,0.0064028119814746884
2024-09-02,0.0058927053392937318
2024-09-03,-0.0034539216651780051
2024-09-04,0.013651395202606812
2024-09-05,0.0070669629767350587
2024-09-06,0.0091631104518941908
2024-09-09,0.0036010094176517774
2024-09-10,0.00079581282103666803
2024-09-11,0.0036401309657494046
2024-09-12,0.0085646392635462011
2024-09-13,-0.004806189545029765
2024-09-16,0.016513668094638733
2024-09-17,0.0026478038219095159
2024-09-18,0.010867601061008779
2024-09-19,-0.0037206066777227586
2024-09-20,-0.0019829242736731814
2024-09-23,-0.00068210070447740278
2024-09-24,0.014159252713778128
2024-09-25,-0.013983436405876661
2024-09-26,-0.0049613753144985917
2024-09-27,-0.0038556168386256664
2024-09-30,0.0093004373036621023
2024-10-01,0.0065362966214523831
2024-10-02,-0.0020835396805017016
2024-10-03,-0.006115148318244298
2024-10-04,-0.0062653635921943859
2024-10-07,-0.003510892052431722
2024-10-08,-0.026499238094358248
2024-10-09,0.0041348610049965926
2024-10-10,-0.002114524307680703
2024-10-11,0.0021998535770610421
2024-10-14,0.0012809988719087477
2024-10-15,0.009819490544331913
2024-10-16,0.0067830809704234121
2024-10-17,-0.011585756098280614
2024-10-18,0.010623687719007846
2024-10-21,-0.0043134925529473506
2024-10-22,-0.0051857324577329212
2024-10-23,0.0041541473007857439
2024-10-24,0.00567242311199735
2024-10-25,0.0054315193691611583
2024-10-28,-0.00093200623774610924
2024-10-29,0.0053485295347979736
2024-10-30,0.0035946058117592604
2024-10-31,0.0030534414307200218
2024-11-01,0.0020107854335898907
2024-11-04,0.00049809388747248311
2024-11-05,0.00035814182751962766
2024-11-06,-0.000412726044497261
2024-11-07,-0.0060514890755110524
2024-11-08,0.0072372562332670212
2024-11-11,0.0064608802848659065
2024-11-12,0.0049683184876372138
2024-11-13,0.0019237386427724608
2024-11-14,0.010428225054318847
2024-11-15,-0.0044430116981678111
2024-11-18,-0.0036765412119259908
2024-11-19,-0.0053883195272427312
2024-11-20,-0.0036005600331428418
2024-11-21,-0.0024425368786690663
2024-11-22,0.0035689998747608508
2024-11-25,-0.015966199315923947
2024-11-26,-0.00015775972249804679
2024-11-27,0.0068564121856012098
2024-11-28,0.00042421322461465663
2024-11-29,-0.00074163004635131196
2024-12-02,-0.001175210274163555
2024-12-03,0.014133691482310282
2024-12-04,0.0050010120308318718
2024-12-05,-0.0054281645621751702
2024-12-06,-0.00596272360952089
2024-12-09,0.0017580468527518705
2024-12-10,0.0052904979407634939
2024-12-11,-0.0021491799044510121
2024-12-12,0.010749137861980352
2024-12-13,0.0027283487575786454
2024-12-16,-0.0035946456640510529
2024-12-17,-0.022671048194916322
2024-12-18,-0.0020048735949450961
2024-12-19,0.00013271095828351384
2024-12-20,-0.012017791571078676
2024-12-23,0.0059599157665571612
2024-12-24,-0.01504196881973896
2024-12-25,0.0029904590327838403
2024-12-26,0.011669096590365561
2024-12-27,0.0021731276777420491
2024-12-30,0.0017459877435860817
2024-12-31,-0.0034438595543807098
2025-01-01,-0.010531325154933267
2025-01-02,-0.0022680861399585039
2025-01-03,0.00062128501536726514
2025-01-06,0.011112729667681027
2025-01-07,-0.0093768620536595799
2025-01-08,-0.00044116139252798779
2025-01-09,0.014771012769668425
2025-01-10,-0.0031174773517600456
2025-01-13,0.008357906897628142
2025-01-14,0.002616316614003206
2025-01-15,0.00095264878069272363
2025-01-16,-0.0039723599047653355
2025-01-17,0.0074684665025715096
2025-01-20,0.0082595759482090511
2025-01-21,-0.0094162756388302283
2025-01-22,-0.0055457319045136037
2025-01-23,0.0001628218595371943
2025-01-24,-0.0085331742141346624
2025-01-27,-0.0056078130515558435
2025-01-28,0.0037891688087674158
2025-01-29,-0.0030471866929959921
2025-01-30,-0.0055706477657578371
2025-01-31,-0.0072453425593744306
2025-02-03,0.001287644899822211
2025-02-04,0.0030348471351653553
2025-02-05,-0.0075901395951609857
2025-02-06,0.001397402319791959
2025-02-07,-0.00033120793075576557
2025-02-10,0.0087645491718759717
2025-02-11,0.0046856834795095826
2025-02-12,0.0055703240133305283
2025-02-13,-0.0054856646297110675
2025-02-14,-0.0013278315329022176
2025-02-17,0.0024040550924726129
2025-02-18,0.010207838729163516
2025-02-19,-0.0096345263797561233
2025-02-20,0.002041194359046399
2025-02-21,0.0023649057383634282
2025-02-24,0.0069528052919289613
2025-02-25,0.00064803049085741739
2025-02-26,0.00029191600137012355
2025-02-27,-0.0043321612738456495
2025-02-28,-0.0026911267566113659
2025-03-03,-0.00018604594368812891
2025-03-04,0.0026953512919986574
2025-03-05,-0.0040579541823524291
2025-03-06,0.0086082717159848589
2025-03-07,0.00070758705240577251
2025-03-10,0.0058568657651025934
2025-03-11,-0.0018603769092263049
2025-03-12,0.0085963378191049114
2025-03-13,-0.0027654132674899152
2025-03-14,0.0045161882277063477
2025-03-17,-0.0025314993753358327
2025-03-18,-0.016329182628573111
2025-03-19,0.007791694893954329
2025-03-20,-0.00013906434898625333
2025-03-21,0.0019370367260767517
2025-03-24,-0.0093126092463372678
2025-03-25,-0.0085868286677611063
2025-03-26,-0.0017429784480611399
2025-03-27,0.0061902156945444521
2025-03-28,0.0079704209174039295
2025-03-31,0.0086349076222371323
2025-04-01,-0.010326875416419305
2025-04-02,0.00092344113602817158
2025-04-03,-0.0054322790737341264
2025-04-04,-0.0005654674512134846
2025-04-07,9.2173650126265241e-05
2025-04-08,0.0022259787627280665
2025-04-09,-0.0021864929217718723
2025-04-10,-0.0039425563810668212
2025-04-11,-0.010489438223242366
2025-04-14,0.0093269798306737858
2025-04-15,5.3097696306391448e-05
2025-04-16,-0.00049527233108378728
2025-04-17,-0.013985598482955599
2025-04-18,0.0018881409713331152
2025-04-21,0.0033026690209667356
2025-04-22,0.0055407175691781583
2025-04-23,0.0030068546229980774
2025-04-24,0.027205116748967886
2025-04-25,-0.0083443339303594724
2025-04-28,-0.01366494420349919
2025-04-29,0.0071287570189202728
2025-04-30,0.00095345299439781477
2025-05-01,-0.0014221377562079838
2025-05-02,-0.011618017791303
2025-05-05,0.0090245739239643678
2025-05-06,0.0088075583802850414
2025-05-07,0.0019561848702266621
2025-05-08,-0.00045676394250467696
2025-05-09,0.0083189130652531022
2025-05-12,0.0052107763535016848
2025-05-13,-0.0062449908047962945
2025-05-14,-0.014379541872374663
2025-05-15,0.0053684251614186983
2025-05-16,-0.0035609809013790322
2025-05-19,0.012733516808281277
2025-05-20,0.00073808458415199627
2025-05-21,-0.027546693444805346
2025-05-22,-0.022230245969532401
2025-05-23,-0.0021438027496416675
2025-05-26,0.0024301944007087671
2025-05-27,0.0037842584019556853
2025-05-28,0.0081866164779221748
2025-05-29,-0.012469613730737258
2025-05-30,-0.0084293720307097846
2025-06-02,0.0030617989349195655
2025-06-03,-0.0037807283274174474
2025-06-04,0.0055690508493466424
2025-06-05,-0.010160262568070198
2025-06-06,0.0080832195546834164
2025-06-09,0.0068472163860401995
2025-06-10,0.0066103811632149019
2025-06-11,0.00034128382798524347
2025-06-12,0.0050576828651800101
2025-06-13,0.0017752674944770486
2025-06-16,0.00025456351870713564
2025-06-17,0.010902093388750787
2025-06-18,5.3682778799042771e-05
2025-06-19,0.012105139315113348
2025-06-20,0.015123524279415089
2025-06-23,0.0043873487716408997
2025-06-24,-0.016719690205655509
2025-06-25,0.0086897243195882094
2025-06-26,-0.0028730434284680007
2025-06-27,0.014266474494159621
2025-06-30,-0.013272930016733736
2025-07-01,-0.0095582099915089841
2025-07-02,-0.0049714822014184689
2025-07-03,0.024333185253439735
2025-07-04,-0.0030900957298518337
2025-07-07,0.0033750825094877651
2025-07-08,0.0016233772820894484
2025-07-09,0.012112266001746154
2025-07-10,-0.0006080397415937043
2025-07-11,0.0030096892342066175
2025-07-14,0.0040408886326616222
2025-07-15,-0.0082032326943355903
2025-07-16,0.0017373218909900992
2025-07-17,-1.3742689857122346e-07
2025-07-18,-0.0041791756993435096
2025-07-21,-0.0051051632721697332
2025-07-22,0.0051268902021609809
2025-07-23,0.0050544591977883776
2025-07-24,-0.0084468381070974628
2025-07-25,0.00046393535327137359
2025-07-28,-0.0059408486131360206
2025-07-29,0.014850510810854469
2025-07-30,-0.0035287629240698241
2025-07-31,0.0048601007120171111
2025-08-01,-0.011099459905587554
2025-08-04,-0.011485601163985205
2025-08-05,0.0043902014877291035
2025-08-06,0.012808058074814218
2025-08-07,0.0019730910397021007
2025-08-08,-0.00012264525575721559
2025-08-11,0.0044313759705638424
2025-08-12,0.0086376965362957511
2025-08-13,-0.0088840855015389544
2025-08-14,-0.00089576113121851632
2025-08-15,0.014210703470889366
2025-08-18,0.001530776837309761
2025-08-19,-0.0009993869371597013
2025-08-20,0.0036588423953592829
2025-08-21,-0.001873621840916386
2025-08-22,-0.0014896791034235209
2025-08-25,0.0072233628007391604
2025-08-26,-0.0046123967564556173
2025-08-27,0.00080627652426982534
2025-08-28,0.0080122991683462298
2025-08-29,-0.0068966403845105205
2025-09-01,-0.0082881728008162049
2025-09-02,-0.011060957158657046
2025-09-03,0.0092786882271318465
2025-09-04,-0.005650549496786803
2025-09-05,0.0007996034577508822
2025-09-08,-0.0037261191325887776
2025-09-09,0.0034405844245218699
2025-09-10,0.01195848946130779
2025-09-11,-0.00092391236166947425
2025-09-12,0.0071897309566169229
2025-09-15,-0.0011923901671357263
2025-09-16,-0.012613203143628678
2025-09-17,-0.0089536995951137593
2025-09-18,0.0019455029650315872
2025-09-19,-0.0083270138177684219
2025-09-22,0.0017592353300434945
2025-09-23,0.00056898885675123309
2025-09-24,0.010154684119669676
2025-09-25,0.001546390948800182
2025-09-26,-0.0010308807312699019
2025-09-29,-0.0045748847068568131
2025-09-30,0.0063859816691551443
2025-10-01,-0.00068935576522891767
2025-10-02,-0.0057496564834049711
2025-10-03,0.0034506195504895392
2025-10-06,-0.00012549490952107215
2025-10-07,-0.022127961442603806
2025-10-08,-0.0013788288878757587
2025-10-09,-0.018394807939557729
2025-10-10,-0.0022238278394497361
2025-10-13,0.0075824926158005752
2025-10-14,-0.010764329697195513
2025-10-15,3.6371796188146874e-06
2025-10-16,0.017576283655066922
2025-10-17,-0.0096056990960220762
2025-10-20,-0.00087502222429974971
2025-10-21,-0.0030690002503153528
2025-10-22,-0.015071487201939746
2025-10-23,0.0063369417401245246
2025-10-24,-0.0020737770982314336
2025-10-27,-0.0025536136014386586
2025-10-28,0.00025794465979859084
2025-10-29,0.0033713743301335172
2025-10-30,-0.0087392171022613076
2025-10-31,-0.0011820646477591517
2025-11-03,0.0038452943424971318
2025-11-04,0.0030397650450698973
2025-11-05,-0.0012733512202841269
2025-11-06,0.0016622838529407582
2025-11-07,0.0040892870554389647
2025-11-10,-0.026229056852037271
2025-11-11,-0.0087829646626088678
2025-11-12,-0.0074324289003955945
2025-11-13,0.00091698930398513188
2025-11-14,-0.00043263098656108276
2025-11-17,-0.0036785143196012768
2025-11-18,-0.010708191032406179
2025-11-19,0.0020324438041477138
2025-11-20,-0.00031249608218650819
2025-11-21,-0.00088889164083446215
2025-11-24,0.0008733417104476904
2025-11-25,0.0041611095787675995
2025-11-26,0.0093746398346041468
2025-11-27,-0.011059309301472208
2025-11-28,0.0095587427977924626
2025-12-01,0.0039494408823950063
2025-12-02,0.017037344091782893
2025-12-03,-0.0032626983927662658
2025-12-04,0.0099143835633197057
2025-12-05,-0.0074257285221845208
2025-12-08,0.012969456940156165
2025-12-09,0.0023415130169459545
2025-12-10,-0.0066700118633386731
2025-12-11,0.013607875072958107
2025-12-12,-0.0034919498807326047
2025-12-15,0.00078948945824390917
2025-12-16,0.0010495341398577115
2025-12-17,-0.0028665650483591511
2025-12-18,0.0045640669459437004
2025-12-19,0.0061151201053982846
2025-12-22,0.0015275659833207198
2025-12-23,-0.00032623598639874006
2025-12-24,0.0066387593503955591
2025-12-25,0.001828996444943587
2025-12-26,-0.017631808880282037
2025-12-29,0.001549205632338103
2025-12-30,-0.0034622621350045529
2025-12-31,0.0054767186305708987
2026-01-01,0.0032686615792763205
2026-01-02,0.016107604732020584
2026-01-05,0.0044364860505651952
2026-01-06,-0.0081519511651004396
2026-01-07,-0.003616115914475269
2026-01-08,0.00063849362505387028
2026-01-09,0.0075893200355249928
2026-01-12,0.014439538905025693
2026-01-13,-0.0051711456827974404
2026-01-14,0.0008359640723415271
2026-01-15,-0.0020709310844986475
2026-01-16,0.012759594579689615
2026-01-19,-0.0052970709935820856
2026-01-20,0.0089013687165306055
2026-01-21,0.0015813976466509084
2026-01-22,0.0015403270919749257
2026-01-23,-0.0080175787878198988
2026-01-26,0.00051413405581526362
2026-01-27,0.0057337185814307981
2026-01-28,0.0065323929323749643
2026-01-29,-0.0082900371547055453
2026-01-30,-0.005421726061235789
2026-02-02,-0.0028156434051652703
2026-02-03,0.0022897164438625307
2026-02-04,-0.0020358871239596118
2026-02-05,0.0080620036235752365
2026-02-06,-0.0083805350353493083
2026-02-09,-0.0024745466497495829
2026-02-10,0.013015742339663672
2026-02-11,0.0087022809052283451
2026-02-12,0.0030935642417376937
2026-02-13,-0.0044115887931712632
2026-02-16,-0.0095082281138331899
2026-02-17,0.0031380696707113804
2026-02-18,-2.5788613583807181e-05
2026-02-19,0.00038366249553735296
2026-02-20,-0.026372762453830113
2026-02-23,0.0023070502634083114
2026-02-24,0.0049298983313106016
2026-02-25,-0.00054220979954155513
2026-02-26,-0.0058197512618243111
2026-02-27,0.017121564695746546
2026-03-02,0.0062424529701090841
2026-03-03,0.00071670750516303588
2026-03-04,0.00061265193958750402
2026-03-05,-0.0096278922599480152
2026-03-06,0.009374194707601112
2026-03-09,-0.011483800222749932
2026-03-10,-0.0004802128845755577
2026-03-11,0.0010939721095867356
2026-03-12,0.0046277130418860462
2026-03-13,0.0038794529396267469
2026-03-16,0.0089118611183095879
2026-03-17,0.0066277777680104543
2026-03-18,0.00024441081498563174
2026-03-19,0.0022785207028606608
2026-03-20,-0.0071533253851747258
2026-03-23,-0.010578035719579607
2026-03-24,0.018003120410068296
2026-03-25,0.0093468631306182336
2026-03-26,-0.011285983693911851
2026-03-27,0.0030665859326487353
2026-03-30,0.011932907554686945
2026-03-31,-0.013761259854014267
2026-04-01,-0.0098093388054996105
2026-04-02,-0.0077128689380964142
2026-04-03,0.00038626241692342532
2026-04-06,-0.0059590396005897838
2026-04-07,-0.0063290628588935048
2026-04-08,-0.00065443337613342676
2026-04-09,0.034560057255467506
2026-04-10,0.012433457472421165
2026-04-13,-0.0026733884584019488
2026-04-14,0.0070271440234730654
2026-04-15,-0.008383892364640138
2026-04-16,0.010316967179743002
2026-04-17,-0.0052831475280548969
2026-04-20,0.010575107924736633
2026-04-21,-0.0069017168608174794
2026-04-22,0.00012133646482583092
2026-04-23,-0.006475530426407361
2026-04-24,-0.0021241611708775806
2026-04-27,0.00024540931827330141
2026-04-28,-0.003761812312197718
2026-04-29,0.0040105031180178623
2026-04-30,-0.0056766254635642792
2026-05-01,-0.0051229755819032991
2026-05-04,0.0045982279046467619
2026-05-05,0.0032586308066893505
2026-05-06,0.0015987598092241004
2026-05-07,-0.0083482669097090373
2026-05-08,-0.0045272038816990988
2026-05-11,-0.0042856510757734055
2026-05-12,-0.0014001634329781198
2026-05-13,0.0023582100533634225
2026-05-14,-0.010729604736534335
2026-05-15,0.0039500445459647541
2026-05-18,0.005666804975843447
2026-05-19,-0.0028808018612959422
2026-05-20,-0.0034288633744810849
2026-05-21,-0.0073959253400810998
2026-05-22,-0.0049466690967751459
2026-05-25,-0.002384183490213969
2026-05-26,0.00015524403970769348
2026-05-27,0.0020780414021809831
2026-05-28,0.0057566436415418427
2026-05-29,0.00029389969081383227
2026-06-01,-0.0057979334185001303
2026-06-02,0.0017697531613390073
2026-06-03,-0.0087581774356889873
2026-06-04,-0.0031982308148699014
2026-06-05,0.0066990817191653149
2026-06-08,0.007909373010161997
2026-06-09,-0.0071242384302109239
2026-06-10,0.0034130028987391756
2026-06-11,-0.0027020181922851349
2026-06-12,0.0021234697688830941
2026-06-15,0.0019321433623744333
2026-06-16,-0.013114283083588014
2026-06-17,-0.0073629456228214377
2026-06-18,0.0031134619646728274
2026-06-19,0.0036895687600341995
2026-06-22,0.0020315481050351509
2026-06-23,-0.017633933772268011
2026-06-24,-0.0058320907662195989
2026-06-25,-0.0020656309167390724
2026-06-26,-2.3202694888736991e-05
2026-06-29,-0.0037433860142457795
2026-06-30,-0.0043264217535939307
2026-07-01,-0.0022485818825570287
2026-07-02,-0.0025066289765249814
2026-07-03,-0.000389372560365666
2026-07-06,-0.0094586831562120527
2026-07-07,-0.019215617186268987
2026-07-08,-0.0046262921597595768
2026-07-09,-0.0087023112002091677
2026-07-10,-0.0053688763958275806
2026-07-13,0.0011807616002653394
2026-07-14,-0.0055900121868683039
2026-07-15,-0.0017469975588697794
2026-07-16,-0.014149857940554051
2026-07-17,-0.0065938070689022226
2026-07-20,-0.0045202997486849346
2026-07-21,0.016305693997268632
2026-07-22,-0.0068388988448187483
2026-07-23,0.0036544240692100026
2026-07-24,-0.0077737293267770291
2026-07-27,0.0035678452266150514
2026-07-28,-0.0052439277544599362
2026-07-29,0.008403448747806826
2026-07-30,-0.0076126518172712817
2026-07-31,0.00045452873934331318
2026-08-03,0.0017333780151315421
2026-08-04,0.0012689460721191028
2026-08-05,0.0036136075008904906
2026-08-06,-0.015520368018581412
2026-08-07,-0.0048050926665025974
2026-08-10,-0.0074783289287437028
2026-08-11,0.0079563746766321223
2026-08-12,-0.0059587608677349338
2026-08-13,-0.016710610362014017
2026-08-14,-0.0011379220558846717
2026-08-17,0.006990609442058939
2026-08-18,-0.0062562508580383987
2026-08-19,0.0018226639821929212
2026-08-20,0.0036229776561977202
2026-08-21,0.0022780711452723328
2026-08-24,0.0031071011277668576
2026-08-25,-0.0020090775640718181
2026-08-26,-0.0014270842246775469
2026-08-27,0.005930781443626707
2026-08-28,-0.0016532534602350629
2026-08-31,-0.0069818261027516579
2026-09-01,-0.00039583883728288921
2026-09-02,-0.0046534856583548062
2026-09-03,-0.0040971039894448641
2026-09-04,0.0032290550040087883
2026-09-07,0.017080349103370893
2026-09-08,0.0013922467714406737
2026-09-09,-0.0054571380649960114
2026-09-10,-0.006731504092493899
2026-09-11,-0.0082116059431000844
2026-09-14,-0.00099188016088418152
2026-09-15,-0.00079100362124152521
2026-09-16,0.010436023542276246
2026-09-17,0.0019326598800020163
2026-09-18,-0.021612014558063917
2026-09-21,8.9764799792648006e-05
2026-09-22,0.0036947222283242221
2026-09-23,-0.0031390374069196142
2026-09-24,0.002987665126469319
2026-09-25,-0.025628993094115322
2026-09-28,-0.0073214957785720436
