date,SIM_TECH_A,SIM_TECH_B,SIM_BANK,SIM_BOND,SIM_GOLD,CASH
2023-11-06,0.0047181748075571716,0.0036929028713747146,0.0074919044259955016,-0.0013743343952000811,0.015780619191988917,0
2023-11-07,0.016043779003676109,0.0036371844808066002,-0.0025201004107213952,0.0018909200756199954,0.00015980791816214862,0
2023-11-08,0.0016338140756847362,-0.00044093469896756517,-0.00097935511497492791,-0.001119572023232418,-0.0026723009511304087,0
2023-11-09,0.010713631984984333,0.014873655854351145,-0.0045827295848175484,-0.0011392138116875863,0.011288633803042304,0
2023-11-10,0.0087353838024977568,0.0053133799169256856,-0.0018943838082604554,0.00074503477182526515,0.0057229574971379479,0
2023-11-13,-0.0032388324725943461,-0.012127272751534112,0.00015269990150001619,0.0033058692266361303,-0.007789127034993279,0
2023-11-14,0.011508519953407879,-0.0049132067090269706,-0.0016701408384727509,0.0030224569203511952,-0.008908213147429114,0
2023-11-15,0.0042211052635908334,-0.00024941990582835662,-0.0029179229447607114,0.00074748069802739198,0.0047529884062273188,0
2023-11-16,-0.0044163546999317531,0.0024191237901279201,-0.0010487102724578679,0.00093229418593057558,-0.0021036821042486782,0
2023-11-17,0.0080571153295781323,0.0078575370831248312,0.0023274943858221124,0.001524698077752685,-0.00078501287240436693,0
2023-11-20,0.011644222770196427,0.0075494558792732081,0.005070237776988909,-0.0021625706156648285,0.0091783830121946117,0
2023-11-21,-0.0038623874805429987,-0.0048048105440186622,-0.001421564307736013,0.0012594670068735686,0.0083411583448353057,0
2023-11-22,0.0041041932208458901,0.014666528026190645,-0.011241664691780489,-0.0012213322426583505,0.011260881345865822,0
2023-11-23,0.0094716001206348738,0.0082669246749480958,-0.003269278079239454,0.00067326052023384533,-0.017569066638548562,0
2023-11-24,0.014065063930544932,0.0022016243539134655,0.0066869838086258335,-0.00030944172969320721,0.0013432550633360944,0
2023-11-27,0.016266506348957592,-0.0046424217629133574,2.7755788985758638e-05,0.0010021749888055858,0.0062732714856824591,0
2023-11-28,-0.020717702281088005,-0.015304179733722804,-0.0083248704539042734,0.00031258623701162816,-0.011587061227239539,0
2023-11-29,-0.0099388733321283916,-0.0090103161943518428,-0.0029244048657245721,-0.0054314544874783394,-0.0049072520375740185,0
2023-11-30,-0.008363171035462285,-0.012795879044409672,-0.0061135116744288178,0.00042200508106932512,-0.0066235593678724497,0
2023-12-01,-0.0059881129454816395,-0.0054263658065162044,-0.0051256392060890542,0.001255875314138673,0.00070113104519536906,0
2023-12-04,0.00064188998701460252,0.0026531023434156354,0.0025816673853178086,0.00090267102700921666,0.014027933907547046,0
2023-12-05,-0.020071688938286543,-0.0072187526841243112,0.0046286968294404008,-8.4654703175443349e-05,0.018765259130014613,0
2023-12-06,-0.021682673037494972,-0.019363006762489855,-0.017041698394205065,0.0030558910454747306,-0.004819278453265019,0
2023-12-07,0.0072654069568526703,0.011715858817342127,0.0030559987269050963,0.00066047163241899005,0.0042328579296105114,0
2023-12-08,-0.0069068118294820877,-0.0024064291125806356,-0.0014649338869738892,0.00088781194034759131,0.005647615763836664,0
2023-12-11,0.0090566617671161975,0.012504864566779227,0.0077250220232077749,0.0019800854092910237,0.0039330851103900367,0
2023-12-12,-0.0038948461698732591,-0.0026041268428698356,-0.0043852502468635021,0.0007526673994538779,0.00421270434342416,0
2023-12-13,0.013713399933783493,0.0037462288254986129,0.0097976570045182187,-0.0015164319561455663,0.0021127793217271171,0
2023-12-14,0.0060632775368620277,0.0041616561013712305,0.010455046459911611,-0.0042890073448033196,0.014751286704697499,0
2023-12-15,0.0040100537628732363,0.00068626094888212137,-0.00094811898760143029,-0.00075881762363254649,0.010165747391373308,0
2023-12-18,-0.027173204520721712,-0.023816408947603118,-0.020430083104009303,0.0014697019465860098,-0.0058103033478440194,0
2023-12-19,-0.00061438669446516742,0.004385431343091474,-0.0077923850228803285,-0.00053557339655205044,0.0083898765386607611,0
2023-12-20,-0.0021700988488276892,-0.0073521798270189979,-0.0031387621052035566,0.0015421210701071131,0.0084695772393058293,0
2023-12-21,0.01348896133545693,0.014807160345413612,0.012200263888077139,0.00036771071665649135,0.0016456759485005731,0
2023-12-22,-0.0083740931888351099,-0.0084279129724893487,-0.0055953339969571653,0.0024185189264719323,0.011629330683366485,0
2023-12-25,-0.017013322486734071,-0.023419895381896354,-0.0087106682369608914,-0.00043139007281718997,0.0037281175259376046,0
2023-12-26,-0.0075941313110144577,-0.0045478304299470633,-0.013367357878654024,0.00094170668782183849,0.0031822126427565713,0
2023-12-27,0.0085773405311188773,0.0031958458309284824,-0.0089575917616295502,0.0010105931161636466,0.0018197870203517914,0
2023-12-28,0.016160182119021822,0.011174291701297023,0.024782390129724864,0.0028028833707361474,-0.020262017243646329,0
2023-12-29,0.0044258305603380342,0.0017130178955985088,0.00027240645041355931,-0.0029719471514017002,-0.00083721569555518396,0
2024-01-01,0.015398863742826487,-0.0031376180375705439,0.00065282805160305803,-0.00072513489419568354,-0.0068707789247923643,0
2024-01-02,-0.0078900305124793742,-0.021040093106405654,-0.0011677718052275875,0.001627328989699307,-0.0087115880289648819,0
2024-01-03,-0.0062402922957861071,0.00052013589710974122,-0.002449542575966886,0.0028826136636015665,0.013819988412918489,0
2024-01-04,-0.017965783538033034,-0.0061418294129760671,0.001091961954327886,0.00053212872275574467,0.0051210490818462276,0
2024-01-05,0.0058191888889730483,-0.004143760203969506,0.0010510321996989656,-0.00042686749595867646,-0.00048335122563621157,0
2024-01-08,0.013150583401287519,0.025655238727024264,0.015799580758556399,0.0014628130636140004,-0.0082666587790500654,0
2024-01-09,-0.011024350425504462,-0.02130811724880867,-0.014180167442418309,0.0016636648154170293,0.0052710229880526425,0
2024-01-10,-0.0039498816122097444,-0.0073610943827417501,-0.011540912248037966,-0.00054739102160115288,0.0096687654447787808,0
2024-01-11,0.016550439818698318,0.014125652211893606,0.0065740326764582033,0.0006945531619195832,-0.008636742054355764,0
2024-01-12,-0.024962709704139417,-0.024874606122404767,-0.011190496787779704,0.0022249490723415446,0.0025253000088921486,0
2024-01-15,-0.0094599982890610623,-0.005548398604580001,0.011072810436888699,0.003502826187894013,0.0079557176708181434,0
2024-01-16,0.013521948995685063,0.011902117419494767,0.0085542761839233327,0.0014366889266235255,-0.018793687998111926,0
2024-01-17,-0.012498328061330636,-0.0054388563919717386,-0.022136200534324354,0.00017945001399806762,0.0011439605660505869,0
2024-01-18,-0.0093481683737194222,0.0015799486768940385,-0.0047631948745586808,2.66468313176524e-06,-0.0029387569078307934,0
2024-01-19,0.0091760912253984299,0.0039720762570819553,0.022282440492651066,0.0011033138029485213,-0.0021629841624205364,0
2024-01-22,0.016289891238575951,0.0053524313640350828,0.0050550480008318341,-0.00010821111646301029,-0.0043503164931449258,0
2024-01-23,0.0008088188221779093,-0.0085366603510225198,-0.0075975566375424894,0.00044135289824029882,0.0018884132546202149,0
2024-01-24,0.0081871009910100389,0.012706522990951749,0.0048733786571367576,-0.0018041772761555744,0.017201381314325692,0
2024-01-25,0.017716024872889476,0.0048120770774201967,0.0040495217997077882,0.0024347029536840861,-0.0043718527058031267,0
2024-01-26,0.019009313953224107,0.01727570219735209,-0.0013011510572071778,-0.0019523325088676212,0.0014838314455830905,0
2024-01-29,0.0019317641124548062,-0.0011060720035413404,2.4579920501750178e-05,-0.00067780116881542259,0.017693693496949603,0
2024-01-30,-0.001433419640908597,0.02208336458348217,0.0078792574388619439,0.00027566786953326489,-0.0061870337309958921,0
2024-01-31,-0.0035689895257079605,0.0013302410394156632,-0.012791248166381643,0.0036837763837995496,0.016761762231319706,0
2024-02-01,0.0244354400935623,0.011855174504335354,0.0062150614791570474,-0.00066082937273418915,-0.0022727211695539461,0
2024-02-02,-0.0096431144271162846,-0.0066223835956453966,-0.0024208613251897665,-0.0010988284651287134,0.016640105039837563,0
2024-02-05,0.0014952111516647357,0.0070443768480597749,-0.00068010115286657943,-0.00089147045120082876,0.0065576342676917816,0
2024-02-06,0.010835558018919677,0.020069861609549128,0.012426318611498916,0.0030860149017003622,0.0010157032036251002,0
2024-02-07,-0.0039749738672299854,-0.012312513813778148,-0.015879442882710548,-0.0049622245883108379,0.0011577175353068175,0
2024-02-08,0.0020658592526594517,-0.0019436929173508046,0.0027307605981331837,-0.0017049284218674564,-0.0051875126039404029,0
2024-02-09,0.0044738348137015344,0.0050843266948823584,-0.0066594938558026499,0.0050163196764871935,0.00073655006344945228,0
2024-02-12,0.012662369647055405,0.0089958221830336998,0.015878246990512164,0.0011635877322849464,0.0070846579101390183,0
2024-02-13,-0.0020032237316659875,-0.0093757800210207114,-0.011414368517172051,-0.0018907729088105958,0.00022946314807411808,0
2024-02-14,0.0037267984945505263,-0.0025315050817377041,-0.0047943517560434723,2.4547632085411254e-05,-0.0030422878454799073,0
2024-02-15,-0.0060505416789303663,0.0023995716461515681,0.003277935354366668,0.000221418218922151,-0.0022646135331328985,0
2024-02-16,0.012546009870223092,0.030835501096485453,0.027161840670803492,0.0016230254426300905,0.0058492068044066663,0
2024-02-19,-0.016968204516441696,-0.0066670724786635702,-0.0099555359823108695,0.0034111036050806141,0.01338503950821268,0
2024-02-20,0.017779476215071248,0.01920974997894722,0.014000837306053272,0.00079939302630258784,-0.0078587964585951318,0
2024-02-21,-0.015544832272389852,-0.019159973476478763,-0.015028391711923061,-0.00087161894542332936,-0.003042238256659642,0
2024-02-22,0.002381321623698052,-0.001949918850834946,-0.010789519573221929,0.0015167519957767677,0.00442006693610353,0
2024-02-23,-0.020904558139954531,-0.031781341730360332,-0.023090529456068418,-0.0011568548543531498,0.017663357214058817,0
2024-02-26,-0.024960505108402319,-0.018294052347801751,-0.019853034018980361,-0.0017600074927802526,0.01281045821839292,0
2024-02-27,0.042657253540357973,0.03611182244284835,0.022241636026709831,-0.0030678359695216011,-0.016738025378376278,0
2024-02-28,0.0052921736307087325,-0.0052664684634441856,0.0040839387528654493,-0.0027172311101007216,-0.002552954711854316,0
2024-02-29,0.013388966080567841,0.00036570391608910734,-0.0078740425497845854,-0.0015136012810236894,-0.0080251242439699586,0
2024-03-01,0.0050879727610668064,-0.0023468240832735052,-0.00054442426713762555,-0.0020200215818615679,-0.001808534889585238,0
2024-03-04,0.0042790574928734219,0.001908366551196956,-0.0093691534994044933,0.00066382574927449124,0.014869355649207794,0
2024-03-05,-0.0070531384952984919,-0.0010392055464811699,-0.0013059757206346375,-0.0020589232864832636,-0.012087604493796811,0
2024-03-06,-0.0036729051754213083,0.0029633005218268251,-0.0017812336727714821,-0.005558599343644539,-0.014648074215960391,0
2024-03-07,0.0049345386159475781,0.0035407003667427888,0.0086404207456692948,-0.0017790411942610381,-0.0073571237953584381,0
2024-03-08,-0.0069849233227558616,-0.00058864133660208582,0.001755009548574589,-0.00074934736589855476,0.0027584148903526469,0
2024-03-11,0.0038341783519533473,0.0073200784576833034,0.010991228329854958,-0.0009898090781695376,0.0050536938285374164,0
2024-03-12,0.0034246053009151203,-0.00056969950410205557,-0.0017250316352667178,0.0028351444227565316,0.0035478767893879666,0
2024-03-13,0.012082778846104173,0.0045497663392548293,0.0020870642490432205,-0.0010043766067204703,0.010390505340158231,0
2024-03-14,0.0063387891384274545,0.011788564654886117,-0.00017520764457398981,0.0016856622337585562,-0.016801141967628552,0
2024-03-15,-0.01887358221723591,-0.007886332588750081,-0.0052403543803333178,6.5831320574448931e-05,0.01134978939345546,0
2024-03-18,0.00015486277402587288,-0.0023048287586627785,-0.0034204954111003989,2.3851493789322283e-05,-0.0023248822414230061,0
2024-03-19,-0.0029465289342249954,-0.0025813130554108088,-0.0034567478678571269,-0.0014036845199264663,0.0065524985151939885,0
2024-03-20,-0.0018311950305976896,-0.0050554395915521789,-0.0086176712712236168,-5.8087728453808682e-06,-0.011524956193715817,0
2024-03-21,-0.0076922469680094068,-0.013307259996656539,-0.013195783117220361,-0.0012771730284153503,0.0010661126184512146,0
2024-03-22,0.029452609710772983,0.036114913762872299,0.0067580670962086829,0.0004060437656582269,-0.0016354172754088274,0
2024-03-25,0.0015330805036814967,0.0034692283102124538,-0.0084107207723718991,-0.00032524933872263875,0.010927879710864102,0
2024-03-26,-0.011389734494759884,0.0012314366694406841,0.0023699332302686386,-0.0016003302797448803,-0.013868223450389431,0
2024-03-27,0.0098671041634243138,0.023738266098717486,-0.00087819818331271414,0.0018854098114610715,-0.0012193757523296721,0
2024-03-28,0.019916696357834055,0.013375955626458609,0.0023995755085666863,0.00086831286403856562,-0.011618676230170509,0
2024-03-29,-0.0064437932947545235,0.015677896901532852,0.0089725349989386149,-0.00070651292145604673,0.0050193749782105144,0
2024-04-01,0.0057710556725010017,0.012790061441931443,0.0065302876529910337,0.00036188748466355801,0.005191961837090032,0
2024-04-02,0.0028038664526610088,0.00044098330422997567,0.0011879656504027434,-5.0880538703534567e-05,0.011860465383432713,0
2024-04-03,0.0219872103411799,0.011607921528345196,0.014086331251356745,-0.0014616636870738928,-0.006596345408591703,0
2024-04-04,-0.0010973790074854206,0.0014921629122033957,0.0034902182709360932,0.00022689321223809492,0.0085734643414025341,0
2024-04-05,0.0012429323623129526,0.016954361691020103,-0.00039521474822826023,-0.001017821158653274,0.01074711354315221,0
2024-04-08,-0.0057834475020380775,-0.0098511588420302325,-0.0079992020675509271,-0.0016008809041161785,-0.013411814480920329,0
2024-04-09,-0.015988623739845012,0.0051501306689894144,-0.013662227917994941,-0.002820981194479745,0.0063897663373019145,0
2024-04-10,0.018014128266865131,0.016266117263095559,0.0255187955573127,-0.00054549323636953525,0.0067314347082989357,0
2024-04-11,-0.0044753308443703406,0.0024182434120702612,-0.0089362835147051879,0.0011205471872507021,-0.0023097189904972637,0
2024-04-12,-0.032236752861646768,-0.028608560218540205,-0.023072186077915578,-0.0011503868360819474,-0.0076122475543453543,0
2024-04-15,-0.013300418986728221,-0.0072338845299269334,-0.013276244385215748,0.0046372756458843457,0.0099427216655182272,0
2024-04-16,0.0094812269292233846,0.0089117645872818386,-0.0018592880151459866,0.0016942341765749183,-0.011993205981493178,0
2024-04-17,0.0064822025352122021,0.0058523926583795979,0.015080531483559867,0.0024477942387888603,-0.0027735944152894824,0
2024-04-18,0.0074139650001416035,-0.0010839132289437088,0.017189184293734776,0.0015314374217327655,-0.00072133468658629857,0
2024-04-19,-0.0038634796101706531,0.014959105550740598,-0.0035792036088208045,0.003435156954889431,0.0067132253827632002,0
2024-04-22,-0.0051233423975818601,-0.011651643826385939,-0.015192197299474991,-0.0013166035702505757,-0.0041391230821611934,0
2024-04-23,-0.0080869892286626836,-0.017684771728667538,-0.019870905140705171,-0.0045093272941855184,-0.004814499671635249,0
2024-04-24,0.0045824798695020784,0.0038645090915944988,0.0044472297615873423,-0.00070302609503518939,-8.0738579766992565e-05,0
2024-04-25,0.0018817523703497166,0.0061948686637075317,0.0028867352432602918,0.0011047934359855677,0.0082978403394098118,0
2024-04-26,0.015586744512316715,0.02664574764341681,0.013140038112906696,0.00037273054914636119,0.017528084717553152,0
2024-04-29,0.020868572306684045,0.020875937933211401,0.014144367016846113,0.00059585069974201063,-0.015832852452944357,0
2024-04-30,0.022227369735193802,0.026401674411135945,0.018674302202694219,0.0024776380048057698,-8.1283717258541326e-05,0
2024-05-01,-0.035291436757408381,-0.023155903463098999,-0.012033676178390794,0.0007877036340324993,-0.0070215322874802137,0
2024-05-02,0.0019015243724933464,0.0067488051360265425,0.001580459840928909,0.0015380432696638388,0.0086548244877219637,0
2024-05-03,-0.028342352197890421,-0.026264492471827456,-0.02183382965901938,-0.001591212935334966,-0.0054548824229880086,0
2024-05-06,0.013480487740759179,-1.0304225993451859e-05,0.006745946711997108,-0.0018717086405888662,-0.0064501367371078162,0
2024-05-07,-0.016485465862823578,-0.0112359818558433,-0.0040374469044466305,0.0030054050614440773,-0.0043948384576430006,0
2024-05-08,-0.0064475197201913428,-0.0050964634725610535,0.0068638685344832202,0.00028162276326472213,-0.00083586358325485723,0
2024-05-09,0.0051358586972678815,0.0050049610352289288,0.0037911471892558431,-0.0010218125302030427,0.0032242732668991566,0
2024-05-10,0.0048954919847601763,0.0011736738258516888,-0.010627297054298429,-0.0010185100883848127,0.004883948412479573,0
2024-05-13,-0.0052164364107969274,0.0051923316729626245,-0.0090363590970410045,-0.0010684216189488635,0.00016640943166033563,0
2024-05-14,-0.026256744825430774,-0.020339665668383425,-0.019442730904828044,-0.0011761262378825151,-0.0090359904658930696,0
2024-05-15,-0.0016810597015620558,-0.00025275321428422631,-0.0098565738369986305,-0.0022096660446865877,0.0073473843629019448,0
2024-05-16,-0.012272324115205901,-0.0090016513169281394,0.0057250271001672449,-0.0026007567239969154,-0.00056291230627549633,0
2024-05-17,-0.011455403915792509,0.0049309701169095565,0.001982363516754725,-0.00025100787977795451,0.010616643336227184,0
2024-05-20,-0.011836821208209315,-0.0082270000894827788,-0.00010650990602483357,-0.00096726656657671896,-0.0049755964149312982,0
2024-05-21,-0.00063422573085505397,-0.0053264474327656668,-0.0041767918472876992,0.0020928867137979313,-0.013053776405205223,0
2024-05-22,0.026393252678106202,0.028887136900806101,0.020656986295977973,0.00062753797588044986,-0.0038071881750360074,0
2024-05-23,-0.0084171000947182266,-0.014176491701923047,0.0012498981186455848,0.00057757182414036959,0.012916414300199526,0
2024-05-24,-0.0073678178820475353,-0.021961246043325257,-0.0065620049732107808,-0.0012376167335980111,0.0033447984192234081,0
2024-05-27,0.0049744857599691309,-0.011283579083489214,-0.0046359426458401848,-0.00011785114840395625,-0.00071367536259324058,0
2024-05-28,0.0013610564690489549,0.0078264720532480684,0.012164149742210001,0.00074980198653659268,-0.008310891572409251,0
2024-05-29,0.0026751391198776733,0.0067020279981407499,0.0026085249404355602,0.0013891523314828156,0.015597878267342621,0
2024-05-30,-5.6834033717936827e-05,-0.018264388579251587,-0.0090854872040241931,-6.9005287733057928e-05,-0.0077677776837411392,0
2024-05-31,0.0012031274702316488,0.0036050333231225805,0.0019306091949209151,0.0020424228027835761,-0.0076955887088266863,0
2024-06-03,0.0085134023852914496,-0.0021704911505072266,0.0058500967289181471,0.00011438075603429689,0.0049618182695101406,0
2024-06-04,-0.0052367175309008382,-0.0013267526702730749,0.0080710870265659537,0.0015271248133318237,-0.016688333166889446,0
2024-06-05,-0.0069869589882667815,-0.015123948743427828,-0.0053047198691910623,-0.00078173397546047049,0.012546540137292771,0
2024-06-06,0.0029721391098782909,-0.0044567783187508519,0.01086606267219899,-0.0031626590598235554,0.0051892563536712075,0
2024-06-07,-0.036671622701994387,-0.03326093545141675,-0.032369125590354132,0.00058304617843334074,0.012083523783523363,0
2024-06-10,-0.0075096775544209607,-0.00094262080541533363,-0.0013400975744950288,0.001405583313663926,0.005349436356105801,0
2024-06-11,-0.0069803335966616663,-0.014985817505523122,-0.0059331159940827468,0.001135625197253625,-0.00024525918433430634,0
2024-06-12,0.0034346089883238347,-0.0030052291254284995,-0.0059877175548789206,0.00085993599058739199,-0.0091260100188172728,0
2024-06-13,-0.0031509320636998344,0.0041931782893294784,0.01278815633151203,-0.00052745653871897702,-0.00083911461545354356,0
2024-06-14,0.00065477702396392584,-0.0075794218588801513,-0.00017442374842281525,-0.0013521432526020661,-0.0086813890647192919,0
2024-06-17,0.017820922621421816,0.011972380487906005,0.0072162008528237568,0.0010931108842788049,0.0027011630127280095,0
2024-06-18,-0.0062394330717804739,0.0057896300049438132,-5.070760853411336e-05,0.00086760534915689505,0.0074372335291457538,0
2024-06-19,0.010472708792472554,0.0030387305879792429,-0.0079271799364916337,-0.00090961836351888714,0.01266195846303449,0
2024-06-20,0.010267813937130717,0.0014804242633907039,-0.00092470398222133229,0.0020969635405457022,0.002801939345629239,0
2024-06-21,0.019906643990074802,0.010925453900280158,0.0088226972817206546,-0.001489157926185681,0.0079105674346601311,0
2024-06-24,-0.00447484737288977,-0.003853916184233874,-0.0051858202826181657,-0.00095034208182387262,-0.002272024856379745,0
2024-06-25,-0.010019999220073815,-2.1912557992888673e-05,-0.0097542565835116619,0.0030455653822149967,-0.0032705556908156214,0
2024-06-26,0.015610474497564648,0.012670748342541855,0.015254939997834518,0.0016634474879210427,0.0030134621088359409,0
2024-06-27,-0.0032627637972390796,-0.009536340993944941,0.0026566005319030323,-0.00054441675060384062,-0.0023310822531131901,0
2024-06-28,-0.0079835602480046574,-0.0014804743668471714,-1.3415385529405837e-05,0.00061728527735839089,0.0031443017654169672,0
2024-07-01,-0.0051564973751302484,-0.00057003078767789905,-0.0044890515465986405,0.00037862604014290898,-0.0090835395398250439,0
2024-07-02,0.010718361000294798,0.012990908232752521,0.0036108909232930959,-0.0048421049569592808,-0.008743596138660029,0
2024-07-03,-0.010211126278903655,-0.0080818923254778255,-0.0082553136591135452,-0.0015316531090520868,0.0064993863134765722,0
2024-07-04,-0.015595946974488325,-0.011774444725175331,-0.01465713407843736,8.4760892032932622e-06,0.0097468035594546441,0
2024-07-05,-0.00059756358643666969,-0.001392954252387829,-0.00695657905694878,-0.00054190065780675113,-0.0086040154968692155,0
2024-07-08,0.020414330336202702,0.017477028891502103,0.0059841390441348601,0.00054478461669475698,0.0043556915161491417,0
2024-07-09,0.014447934367527218,0.010434823725889036,0.0059086914322945073,0.0021330681633062558,-0.0069290618153930294,0
2024-07-10,-0.014855043370468272,0.0026345204076665806,-0.011849388443448388,-0.00047876441237706941,0.00074863866058831933,0
2024-07-11,-0.003569122700965547,0.010084229561820909,0.0066700574212859142,-0.0018037786330211566,0.011886191979097857,0
2024-07-12,-0.039054495348017457,-0.036758065977263291,-0.019524437813159819,0.00068473298531988153,0.011329637224679119,0
2024-07-15,-0.01549204970671833,0.00028762050515752056,0.0051960609522240962,-0.00048792200042204625,0.0082394783168895733,0
2024-07-16,-0.0034386975625748475,0.011119444891502277,-0.0056173855506984781,-0.00018091430147942477,0.017617992352469622,0
2024-07-17,-0.015322809641835831,-0.0014793975095995712,-0.0036164156090938444,-0.0004251926944755416,-0.0051862229794169042,0
2024-07-18,-0.00068029913810223721,0.011820120005781721,0.004300429222865468,0.0041353080400197747,-0.0091899036025360342,0
2024-07-19,0.016842417075326809,0.020225249642733048,0.012868262890059544,-0.0039332676697963007,-0.0090599669802097042,0
2024-07-22,-0.013384916591711236,-0.019799076492835729,-0.0026285780852507946,-0.00059900102563876297,-0.00082277580233162603,0
2024-07-23,-0.0011144559707141032,-0.019343414503536917,-0.0013149461854642733,9.3359753832894312e-05,-0.019934770283645434,0
2024-07-24,0.0048436031266581398,0.0023464167207753375,0.0026124116312352666,-0.0013060564861090017,-0.0018508438290306731,0
2024-07-25,0.0082093403572818715,0.0039013106971104816,0.003941204346797126,0.0017196864978309095,-0.0057902070702574374,0
2024-07-26,0.002711471656994945,-0.0004496307745241318,0.0015732389089927724,0.0015638638216953508,0.0064941342390201929,0
2024-07-29,-0.003039552206930429,-0.00076329001540499544,-0.0084332942375772227,1.4041686720626907e-05,0.0033517939444893978,0
2024-07-30,0.0054457475056195592,0.006899508022583269,-0.0024493275477675755,-0.00038721275961864945,-0.0057161782356625144,0
2024-07-31,0.01746188021574906,0.0040939150137594919,0.0056391987070134181,-0.00010152230161696459,0.0036900393863117205,0
2024-08-01,-0.041994512158951287,-0.036179672250501026,-0.031043035322808395,-8.8615976566059265e-05,0.011202968428707386,0
2024-08-02,-0.0084816973791265338,0.0011003573453109618,-0.0030941774750819634,-4.1071450626372792e-05,-0.0057043393690212061,0
2024-08-05,-0.027860850626650269,-0.020800269061444346,-0.0032009882625260106,-0.00023839838273023907,-0.0023533266466077524,0
2024-08-06,0.026702899104163319,0.02854846548886783,0.011573369672118257,0.00055440876626630697,-0.023082345733774309,0
2024-08-07,0.03913814497610895,0.028793094161366477,0.02481081496403905,0.001455781716690157,-0.014011595959868168,0
2024-08-08,-0.0065854244482384892,-0.0012048324039407514,-0.0094080086284804194,-0.0021144682656774384,-0.0059440994579430502,0
2024-08-09,0.015931307686010684,0.011213431943289751,0.001591897447145062,-0.0017911950186196681,0.00016347737580793944,0
2024-08-12,-0.0092446000018590394,0.00083695206110428674,-0.0067134236865618131,-0.0030473324530703428,-0.007888797949582995,0
2024-08-13,-0.0040348672791415503,0.00057707365656889994,0.00011836737766457005,0.001659515320643679,-0.0038286291620718404,0
2024-08-14,0.0085739344657080867,0.0011635814997807649,0.0018531929207494767,0.00055058192774283369,-0.01200158650245637,0
2024-08-15,-0.010217900225182465,-0.0021161464616973906,-0.00027411366477479802,0.0010094815286789871,0.0028670393643466874,0
2024-08-16,0.0054664427704753313,0.0005401857758195799,0.00269392587702935,-0.0024730968290542434,0.0031873843789511917,0
2024-08-19,0.007604564692316941,0.0079556905630009996,0.00081033408393775541,0.0033129066211842486,0.002876046321745887,0
2024-08-20,0.022308121705351465,0.017351482262838527,0.0040270812556418697,-0.0009959316346616438,-0.0019162959684238246,0
2024-08-21,0.011820372814228283,0.0061851944667489847,0.0039551973261586441,0.00040277045280026055,-0.014188901393085025,0
2024-08-22,-0.0060095943852548307,-0.0034580117853495861,0.0014405818012038227,0.0016378923892210694,-0.0047050713602569214,0
2024-08-23,-0.024215689996099545,-0.031728147431183573,-0.017698463413531651,-0.0016765635604329293,9.7688252774807451e-05,0
2024-08-26,0.025537122657563936,0.01918620950012662,0.033331472888596295,-0.00088338384532280021,-0.0072231233581812066,0
2024-08-27,0.0013355078899604058,0.0022622193222400348,0.0064719081638911821,0.00042250919428157363,0.0012073590652081512,0
2024-08-28,-0.013958340353459567,-0.007472517811175995,-0.0080360940619671768,0.0052434515358364712,0.01412817125265137,0
2024-08-29,-0.0057127852719266545,-0.0043224217686705889,-0.010012661195146048,0.00064202453713364371,0.0089659590252183282,0
2024-08-30,0.015412570654878393,0.0017179340028485022,0.0043173305772580906,0.0029914500711352926,-0.009031250692453122,0
2024-09-02,0.011512897555308146,0.0028106313121466948,0.0032021521728702214,0.0022702116613455199,0.0046999507672776403,0
2024-09-03,-0.015415286845064529,0.0037417543441562325,0.0055577125723815356,0.00076241806569013373,0.0061702245465191357,0
2024-09-04,0.021818139658067635,0.02080880549477522,0.018973987969419216,-0.0016805523889352216,-0.010267929413756155,0
2024-09-05,0.011950328206895745,0.006247841695589393,0.0046448050659244813,0.0020075564994728231,0.0071949086285739601,0
2024-09-06,0.017198301236827643,0.0088550972342427113,0.013441615683075682,-0.0025965986149664847,-0.0030533697878418918,0
2024-09-09,0.0014507806744777768,0.0098433344202941107,0.010375178688499421,0.0029815752226187652,-0.012559243795433453,0
2024-09-10,0.0046734328759638327,-0.00650641809988395,0.00017334727328156276,0.00046000955479285949,0.0043941466792049265,0
2024-09-11,0.0089204978891807424,0.0035047172912456453,0.0033976092772318341,-0.0046704023851367165,0.001325934255819442,0
2024-09-12,0.014874925743952558,0.0075992189504924951,0.014164700819432632,-0.00051291097105730997,-0.0028701704900781673,0
2024-09-13,-0.0048701364706370169,-0.016057549282164102,-0.0010524831910658098,0.0012771060776612928,0.0010862570514651709,0
2024-09-16,0.030773516852971819,0.021839488463363133,0.012569663715397712,-0.00032664297147158008,-0.0090521835770649151,0
2024-09-17,0.0010040481541608347,0.0086351285446346418,-0.00066803354089700704,0.0013870104597884319,0.0057597655778335709,0
2024-09-18,0.020720273766317576,0.011088551280078768,0.011431430400535361,-0.0014300435018821318,-0.0021771453802495646,0
2024-09-19,-0.0075066471457230751,-0.0028043707340839798,-0.0015383788038423447,-0.0022507682710176933,0.0023310251839350963,0
2024-09-20,0.001987247842831703,-0.011350267330061073,-0.0043422572975108584,-2.8601725485689691e-05,0.0026397757308366347,0
2024-09-23,0.00650034566612003,-0.0036454803646033696,-0.011681747764405235,0.00015681820112184661,-0.0097987380077876989,0
2024-09-24,0.025902670088000384,0.020693401478668338,0.011145954554694783,-0.00052709183191217851,-0.0109992274506965,0
2024-09-25,-0.015833004596976383,-0.023834749607267083,-0.019496622652835159,0.0023091240639559465,-0.017181714137527053,0
2024-09-26,-0.0089806960580547102,-0.0024075053147082715,-0.010278368180183718,-0.0014303732752503036,0.0064230723444790444,0
2024-09-27,-0.0068755863740439065,-0.0050175801858900809,0.0016372688735239445,0.00066369809319822897,-0.010365328655155383,0
2024-09-30,0.015174000676451953,0.012800896454982894,0.0091251606093566019,0.0002223459480945254,-0.00057038552605882223,0
2024-10-01,0.014912096148638327,0.0035249637897949455,0.0054424556580824918,-0.0027020887138449502,0.0026768775192019694,0
2024-10-02,0.0034177616039214988,-0.011405100835532584,-0.0072216063547569332,-0.0022742543306033224,0.0055353854052520631,0
2024-10-03,-0.01020027618980157,-0.0067124027692623475,-0.0026574780384715484,0.00012143982924753654,-0.010719722570597182,0
2024-10-04,-0.014171070453345327,-0.0060230758210097378,-0.0049961898387898924,0.003666159997636535,0.0011484959009698307,0
2024-10-07,0.0001703238432547733,-0.022289522884838875,-0.0033792445262548565,0.0011426856614178598,0.016472953651211427,0
2024-10-08,-0.041207737777744315,-0.041179102320451764,-0.030897414040223836,-0.0030061426852603392,0.020544451695689418,0
2024-10-09,0.003074973464978592,0.010339704809696456,0.010288538061866439,-0.005498878517214807,0.0072761771443195971,0
2024-10-10,-0.0055745826733297251,-0.0050434051166268444,0.0019711697969840031,0.0014194964674078836,0.0052790477476026779,0
2024-10-11,0.0048003675732005676,0.0052754673977750419,0.00043175410068204583,-7.318426927075822e-05,-0.009009209063898873,0
2024-10-14,0.002480291552179676,-0.00066768518268349192,-0.0021588758734836862,0.002154278745118665,0.0062300485403874164,0
2024-10-15,0.012976992410659412,0.021782122774249148,0.0091610915485949226,-0.0014852922572805947,-0.003197878412115546,0
2024-10-16,0.014059403183725614,0.0025084223815538846,0.0056632570484778004,0.00073038249614534715,0.0042240930268336993,0
2024-10-17,-0.021429305742761761,-0.010591356073883526,-0.012958613845079701,0.0016231122334501528,-0.0032984154259934739,0
2024-10-18,0.022839033807502955,0.006483773846501683,0.010511535302879009,-0.00070543454877166722,-0.0034250849231102385,0
2024-10-21,-0.0056091925658271029,-0.0016676202660899772,-0.014502256968402799,-0.00066695402641591772,0.0027101217757094028,0
2024-10-22,-0.0058912169509621245,-0.0091661680013882876,-0.010615321853106523,0.00014547309597710289,0.0032614163864305035,0
2024-10-23,0.0083154663711800282,0.00066782063192163347,0.004132240270348652,0.0010768174238085918,0.0036382072377464259,0
2024-10-24,0.0097475989083513383,0.0086114281894588245,0.0062733302656229851,7.419879187856032e-05,-0.0064374307518036446,0
2024-10-25,0.012336747809971148,0.0072383965763105473,0.00071146907665036591,0.0018531934079670756,-0.012722423455081268,0
2024-10-28,-0.0039718957694424937,-0.0018333427952498039,-0.0001819740343462806,-0.00073148334068065394,0.014595545206202086,0
2024-10-29,0.0013505637071183907,0.013498992631729953,0.0078208321112183295,-0.0022911113698335975,0.021143023212697763,0
2024-10-30,0.0056902008210734292,-0.0016446998919090385,0.0067388541282928727,0.0036585556626037236,0.0039013413903565852,0
2024-10-31,0.0070035530908240549,0.0066870138924742181,0.0016154783369244734,-0.00098834072577640326,-0.01219294424287364,0
2024-11-01,0.0040590281270237553,0.0037494484831766556,0.003246340039758289,-0.00092319575069194516,-0.006980953703080035,0
2024-11-04,0.0021383867838292345,-0.00063118980930335891,-0.003388257431189525,-1.8445977929931834e-05,0.0047455560506935966,0
2024-11-05,-0.0016150465484199056,-0.0023491144627240993,0.0037047048226611459,0.00022092599737716612,0.0121565160399309,0
2024-11-06,0.0019201272957940461,-0.0016451267450509162,0.00045120249866140378,-0.00059603055647890907,-0.010440419594561816,0
2024-11-07,-0.011892904491839433,-0.0073330702955006445,-0.0024848018017958754,6.8618985491783745e-05,0.00045844907877391262,0
2024-11-08,0.0051452440741738808,0.019783059902199189,0.0097260464007102258,2.8427983429286889e-05,0.00087989790011260265,0
2024-11-11,0.0058876125039509421,0.012765569543482149,0.0087717206556091037,0.00041467478863745251,0.0069363360143874526,0
2024-11-12,0.012850204294248737,0.0065384419586893136,-3.9593717550852055e-05,-0.0041434774261771687,-0.0030582056123026318,0
2024-11-13,-0.0070723020490027809,0.02160716474215903,0.003761338324446686,0.0034855773526141286,-0.014366526527306047,0
2024-11-14,0.014868353620836394,0.013992907106080197,0.014360803567416893,-0.00016511896436220355,0.0042320749106934206,0
2024-11-15,-0.012919184296123161,0.0003170494816877611,-0.0057421285700040049,0.0011451207150045737,0.010603728902838748,0
2024-11-18,-0.0059058172307434303,-0.00057762532147520151,-0.0072080581393849218,-0.0023805824147612436,3.872899439425273e-05,0
2024-11-19,-0.0082321954882741064,-0.011198357228099417,-0.0025983653305304815,-0.00074780047024865031,0.0044759646439265031,0
2024-11-20,-0.010018929551611442,-0.00036310627575036197,0.0042191716272379394,-0.001110168559376746,-0.0044568260934021138,0
2024-11-21,-0.00079672463701289855,-0.0058903865981348577,-0.0069652724486610118,0.0027455027761153811,-0.0070955863800811134,0
2024-11-22,0.0027829986467323344,0.0085436419648790892,0.0029935759661104903,-0.00095446449230458894,0.008729927747439279,0
2024-11-25,-0.031185447166235274,-0.018069405724956019,-0.012890798719284582,0.0014645439764921643,0.0059362387691886242,0
2024-11-26,0.0043782888053121357,0.00024181412512355391,-0.013664427186509743,-0.0010707568148117512,0.0046207073620336148,0
2024-11-27,0.01147221873931609,0.0091650609196580607,0.000657223845369095,-0.00071471409137709922,0.013286263623028706,0
2024-11-28,0.0041735577260515432,0.00082564846514093446,-0.0040553658822427233,-0.00034199029736123473,-0.0087726824679011731,0
2024-11-29,8.9976539558598613e-05,-0.0028454412805685252,-0.002270932393171601,0.0024109212282927405,-0.0045852661503910201,0
2024-12-02,-0.0016135072685313548,-0.005735672006263879,0.0073022482474675767,-0.0033017347862542134,0.0017826321520115159,0
2024-12-03,0.026548140371380074,0.023859248982090651,0.0051580106396169438,-0.002268194399493979,-0.0072762192206018376,0
2024-12-04,0.01205190398425689,0.0064544826849908029,-0.0035760004457501423,-0.0034051492982416702,0.0069285285084250137,0
2024-12-05,0.001507835927610857,-0.01447331917527828,-0.019135558983011267,-0.0018575038155706103,-0.00089989595193049477,0
2024-12-06,-0.009312785391139387,-0.0052205200963968846,-0.0052612065155518981,-0.0013608800921457928,-0.0083498502952546339,0
2024-12-09,0.0042325199834866243,0.0037821727309479093,-0.00029089408195794378,-0.0028060662573627005,0.00033888871866431764,0
2024-12-10,0.0088896176582599264,0.010421122362528264,0.0011751508036686991,-0.0012214659439064041,0.0008764838381971721,0
2024-12-11,-0.011237492473335321,0.00512913419812601,0.006459536930347929,-0.0035264860656801472,0.0085846123985459655,0
2024-12-12,0.016694511659718615,0.014441921400547314,0.01448260360201776,-0.001732379702781826,0.0019284746655775723,0
2024-12-13,0.0077965940210183134,-0.0018264253354667169,-0.0033604309443015217,0.0022607567198383608,0.0050054871390957734,0
2024-12-16,-0.0043056038823127418,-0.007064964989755446,-0.007587158905984168,0.00082645852650598515,0.0040257777657047092,0
2024-12-17,-0.032388836043947086,-0.041819981783964517,-0.021262405013090565,0.00043744180991054987,0.003584661624947329,0
2024-12-18,-0.0010256499004598052,-0.0034971297707102234,-0.0014673060131698004,-0.0017050014013024061,-0.0060555797508473775,0
2024-12-19,0.0015222985158136362,0.0019287548745808348,-0.0035352145936997032,-0.0026649529262805036,0.0024793441074698131,0
2024-12-20,-0.01494162492597379,-0.015984890994366216,-0.021716994242547069,-0.0019504809359617052,-0.00071946623464531076,0
2024-12-23,0.0098609600368889591,0.0022294891710684349,0.0072560596531562743,2.2222311587173033e-05,0.013488913593369692,0
2024-12-24,-0.028529962349674559,-0.023219935300322462,-0.010570345781143164,0.0016627182035080029,0.015048054556242495,0
2024-12-25,0.0036881199134339388,-0.0032299978919154899,0.011119427184203702,0.0017242613508435768,0.0063092656198622558,0
2024-12-26,0.021784513277470982,0.010749701000481681,0.0094699682239847739,0.0012351022524699994,0.0018373950511028855,0
2024-12-27,0.0028251797035060344,0.0065765566908747774,0.0013224119739649312,-0.0012276023553222995,-0.001763108658459361,0
2024-12-30,0.0071012035943455185,0.0041300580945979951,-0.0061809840716903963,0.00014418969832717847,-0.011386764928002007,0
2024-12-31,-0.0040636831689674713,-0.0097038394946788696,0.0010171138342793618,-0.00047841655406704258,-0.001377809595481272,0
2025-01-01,-0.010490672225670085,-0.021236983316935548,-0.018874045429380724,-0.00026214157429055047,0.002603790759723894,0
2025-01-02,-0.0038488777663031491,-0.0081316925476907845,-0.0010380557935130239,0.0037668302145276631,0.0030163819703661514,0
2025-01-03,0.0013561542496350045,0.00037556692049240618,0.0018996372648368699,-0.0030716004266065026,0.0049270708730312978,0
2025-01-06,0.013234783892935476,0.021818920028529813,0.011176659840568079,-0.00032241826866006955,0.0068246624456796221,0
2025-01-07,-0.012517633936767721,-0.014520952648295955,-0.015237040637350903,0.0022811480329530819,-0.0034820609066633867,0
2025-01-08,0.0035187088316102361,-0.0072692034155832867,0.0045644651166480126,-0.0025386046910603689,-0.0062304594390124373,0
2025-01-09,0.024150910525359989,0.017327784380070269,0.014696166820465,-0.0010587453654792506,0.010631984506370578,0
2025-01-10,-0.0071108333787990065,-0.00037884672395505732,-0.0060095816042139028,-0.00085226929562175115,0.0073277415314352791,0
2025-01-13,0.016466532920592934,0.0043039106532084918,0.013512193171826109,-0.00030192149969717212,-0.0038312608362453824,0
2025-01-14,0.0056775398267533868,0.0058728684145538676,-0.00013768275264737203,-0.0027727228872911911,-0.0011972243065105793,0
2025-01-15,0.0037903745956187731,-0.0059326028055120689,0.0043961071650649077,0.001171514908608471,-0.00073847427551760898,0
2025-01-16,-0.0077701389469768973,0.002128719785572445,-0.013192368415979386,0.0012993171085236594,0.00017429511049590288,0
2025-01-17,0.0064776580381500368,0.013001317973896032,0.015334738747768669,0.0010150755850323059,0.0029524140580694381,0
2025-01-20,0.010623139366940813,0.0079002098559646846,0.011009807294213112,-0.0014666726137239465,0.022540455059969926,0
2025-01-21,-0.013059518848849549,-0.018366769095064833,-0.0096082409829769573,0.00025571942341713123,0.0036804172452895188,0
2025-01-22,-0.01408267623711246,-0.0044376058792513834,0.0016859609896672817,-0.0015189924312243573,0.0064133830823446189,0
2025-01-23,0.0091383565126573578,-0.013540007219915136,0.0053568357154816721,-0.00049867398938872279,-0.015416867473055589,0
2025-01-24,-0.013621657532304434,-0.013207819119472398,-0.010696008555303076,0.0039762422689075799,-0.002944229846736003,0
2025-01-27,-0.0063925382070053952,-0.016751892803236454,-0.0065575595822077379,0.00027225167967326075,0.013041890039732653,0
2025-01-28,0.0089862357647846423,0.0026196386343682798,0.0015570504050358945,-0.0020375478367769123,0.0025566822926586874,0
2025-01-29,0.0004169301846656527,0.0002666387975598435,-0.0041267481628436417,0.00042460361319504494,-0.039275617522351335,0
2025-01-30,-0.00729562639404984,-0.01349091363573803,-0.0027512437177926946,-0.0023332326669139574,0.0079873780540457365,0
2025-01-31,-0.012191266121130083,-0.019777732536800936,0.0013770739468664771,-0.002058218706527021,0.01823926808865918,0
2025-02-03,0.0025189943306922714,0.0090794500620317905,0.0014791304391025177,-0.0017740216447078236,-0.018897677672290128,0
2025-02-04,0.0057276619032002657,0.00077781993872233588,0.00026964355605302911,-0.00069975701395223028,0.012936157527610995,0
2025-02-05,-0.0077998367596718438,-0.0087685003391394876,-0.012315495319678817,0.0017865441920605627,-0.023227241480958456,0
2025-02-06,-0.0010143632974894982,-0.0012844489530298344,0.0091097708775872421,0.0011411167564303105,0.0076956279782067882,0
2025-02-07,-0.0038412942785374486,0.0058497097752496785,-0.0018219664709976284,0.0010413915908451909,-0.00072370179920980325,0
2025-02-10,0.01899289401167021,0.011197374438637797,0.011573988133820686,-0.0018780642180629763,-0.022781061993377479,0
2025-02-11,0.0041091831918009369,0.0089184099546380288,0.0096991162419410755,-0.00087436583978416755,0.0031743588117577087,0
2025-02-12,0.0063889625619585576,0.0087786424187649842,0.0053654063912282361,0.00058960199238973911,0.0093897679124334936,0
2025-02-13,-0.014457067524850575,-0.0045541730705708416,0.0039162454390498464,-0.0010309759736991432,0.0038145086735453552,0
2025-02-14,-0.0010157571007647138,-0.0063976916643638873,0.00027955150662603112,-0.00040105959254197718,0.00500618388536812,0
2025-02-17,0.0070409311084593,-0.0023507741332071683,0.0035077563195339834,0.00089444564655390916,-0.0044658768720823305,0
2025-02-18,0.023046423661609347,0.012522155171662686,0.0058459602904568616,-0.00052779082616234349,-0.018810527361473196,0
2025-02-19,-0.01953651964040639,-0.013699723059659533,-0.00376969500961114,0.00050690726038364544,0.0082154185314083968,0
2025-02-20,0.0070413731048490878,-0.0062937976650284371,-0.0064677117595704839,0.002966911220835223,0.016235645727084896,0
2025-02-21,-0.00075639188008990842,0.006839637159716614,0.0043992604162829529,-0.00020934583817659556,0.0098723596549235171,0
2025-02-24,0.011276250260311224,0.012434908798733648,0.0098886376437925735,0.0022228080574945709,-0.019687732600139899,0
2025-02-25,0.0093888520870884905,-0.0056224284709505239,-0.006140227194868857,0.0011068661211532447,-0.013529638011861115,0
2025-02-26,0.0038956280906397951,0.00075605048715747872,-0.001836707411969063,-0.00254103558827618,-0.0078170680732331001,0
2025-02-27,-0.0084898769661334566,-0.0033744255248260168,0.0049120810395350727,-0.0018838466526743434,-0.01356456298751329,0
2025-02-28,-0.0052505829010096238,-0.0019938271248180518,-0.0016032441534771591,-0.0014004725895258134,0.0010626822902451098,0
2025-03-03,0.00091150479053422623,0.0046805828401338236,-0.010792859831346473,-0.00143870285047901,0.0045666093309644712,0
2025-03-04,0.010334786278475555,-0.0025873507926925075,0.0029236826312397939,-6.2521542992265565e-05,-0.01293947571927149,0
2025-03-05,-0.009377345144265789,-0.0045277425324663015,-0.0037944082353301056,0.0012063592865472802,0.0076787293920602849,0
2025-03-06,0.0068520687572172457,0.0090878593304674626,0.025528726158593022,0.0023592851500685006,0.0046466015439686394,0
2025-03-07,0.0013492117272984293,0.00061704377598034981,0.0023162568889156286,0.00065471515970514814,-0.0049094659687549504,0
2025-03-10,0.008608823561779071,0.010328699996873518,0.007467093734187585,-0.00070222320089577753,-0.0032434809019656887,0
2025-03-11,0.0009236874843926901,-0.0081258950744638615,0.0094253660402510639,-0.003648034238533774,-0.017580435305913866,0
2025-03-12,0.017377152442781051,0.012851439985746851,0.0005839265162901619,0.0002270612357512083,-0.0050335113165925231,0
2025-03-13,0.00035716314374441283,-0.012369300395359809,-0.0036901415482974171,0.00014638634865098431,0.001001976483407432,0
2025-03-14,0.010588563463399051,-0.0072776279010051447,0.014262579830441002,0.00042927175637012382,0.0012257266953622254,0
2025-03-17,-0.0047280357563789736,-0.0072807874690630336,-0.0024657152836418078,0.0038912325358659988,0.0038789896289596806,0
2025-03-18,-0.023181215571238832,-0.026338588973666529,-0.024931470739937782,0.0023330737831475296,0.005060362777584395,0
2025-03-19,0.013320767825390583,0.012076482117059728,0.0039145015555742593,0.0015131096528499745,-0.0034209700270231309,0
2025-03-20,-0.0046676044543148337,0.002563116743795728,0.0080227924052523793,-0.0016317388341288794,0.0028453137030829455,0
2025-03-21,0.0050126809813454826,-0.0040491723391409377,0.0033103109585386706,-0.00082339054855413822,0.0089581829309270979,0
2025-03-24,-0.013354524746840783,-0.01330286712078543,-0.013517860538825435,-7.072029247130389e-05,0.0008689030680413876,0
2025-03-25,-0.011670197109948429,-0.016498777812565528,-0.0079473272720852802,-0.0012957328232186364,0.0037150797229246785,0
2025-03-26,-0.003666118167453557,-0.0010473794337572018,-0.0019082668870159982,0.0010008361449732124,-0.0018099023277051061,0
2025-03-27,0.01271917350264502,0.0061109776201342799,0.0049250681886295819,0.00074243592858826818,-0.0062004329141234415,0
2025-03-28,0.0089004550050707041,0.013985362560954239,0.014655166050918916,-0.0018589540274984463,0.0036010440172671264,0
2025-03-31,0.017782622524013844,0.0030171739737574303,0.011674870050544343,0.0022542700763730234,-0.0058645957426098428,0
2025-04-01,-0.020884394744900916,-0.0099912332523953845,-0.0090656450277528666,0.00028415860085594856,0.0058256442565061467,0
2025-04-02,0.007695235942037945,-0.0036251471884359262,-0.0039578654035122424,-0.0030123280641360523,-0.00036420224831571358,0
2025-04-03,0.0019035371385102071,-0.018883913061162064,-0.016202610550360146,7.5828549790549844e-06,-0.0010538466887313838,0
2025-04-04,-0.0055557374714978267,0.0049975056072689523,0.0037919007916038128,0.00060617162066122876,-0.0029268583638801774,0
2025-04-07,-0.0061603685367350057,0.014834369295487834,-0.0045218142791549291,0.001851026250584333,-0.0051014037395741372,0
2025-04-08,0.0079601498134231011,0.0031978168693268996,-0.0011263294426118236,-0.00050745752562790926,-0.014717286677013587,0
2025-04-09,-0.0068027444909115956,-0.001913786689544466,0.00066364277141495913,0.0015902888814049729,0.0038012920887743724,0
2025-04-10,-0.0010064513545988178,-0.013963131218264551,-0.0073470394188170762,0.00043685557618638825,0.0023191980737500609,0
2025-04-11,-0.013206555250129863,-0.021001474491396201,-0.012539604664433417,-0.0022670982962676432,0.0089834130204639873,0
2025-04-14,0.016619620916920499,0.014552881099964769,0.0095090364333854909,-0.0024473001922685248,-0.0065344426496597285,0
2025-04-15,-0.0048820141368411535,-0.0013789398366765224,0.003636037129326523,0.0021206077662688275,0.017080802241005839,0
2025-04-16,-0.0008550202482892743,-0.0064124425038196925,0.0065855261418229158,0.002252771521087184,-0.0033207010655230181,0
2025-04-17,-0.021410173075707126,-0.021690114130478833,-0.012363722748074244,0.00068123661472850139,-0.0047373536503714717,0
2025-04-18,0.00026954390606445753,0.0065002356601143851,0.0047215377190931865,0.0027922720981240511,-0.0096080889315477373,0
2025-04-21,0.0037925436236163554,0.013010122362609018,0.00091819667965216401,0.0020018977282748921,-0.01647943260425342,0
2025-04-22,0.0071529728262830616,0.0093037777069609369,-0.00020059542315094703,0.001330531713063498,0.012763992303053867,0
2025-04-23,-0.0015015159269966653,0.013869128165170561,0.0017156552555991169,-0.0015403606797206092,0.01158068443212283,0
2025-04-24,0.040121633243781978,0.039166880056152806,0.030964279603599709,0.0032165717518582177,0.00019958157339101425,0
2025-04-25,-0.012655139154453285,-0.012929268496558823,-0.0068255366894830749,0.0010653425779748914,-0.0062688094707481802,0
2025-04-28,-0.023691009357395914,-0.01311669961472681,-0.026728555719594298,-0.00059450979430091888,0.019088123597515244,0
2025-04-29,0.014214152015614347,0.0086682314451890334,0.0059142118125314483,-0.0011028860095495363,-0.0050207738253454908,0
2025-04-30,-0.0054478416462759678,0.012018955733830217,0.0037414242290792986,0.00056221080672494244,-0.0016301785284353141,0
2025-05-01,-0.0054092555751196663,0.00091631630185178069,-0.00044123958019235191,-0.0029079063527092186,0.013244681073990405,0
2025-05-02,-0.016650405004657684,-0.016762073182844662,-0.022299907078523876,0.0013594118956351527,0.0086547928103102179,0
2025-05-05,0.012114265318889126,0.0063741060330741841,0.016533858136307887,-0.0016164274664492483,0.01949762867753153,0
2025-05-06,0.0087856012740287828,0.021887045510257871,0.0076076053575790609,0.00076709459588371613,0.00091701488947099172,0
2025-05-07,0.0029335251501557947,0.0047921855845510621,0.0023875609300734826,-0.00083891660724468703,-0.0034510691663697168,0
2025-05-08,0.0018795645908906151,-0.0065728406441499191,0.0046753268852698041,-0.00037595368290446653,-0.0057959023915754729,0
2025-05-09,0.014174618860244764,0.019420709199450954,0.0058488903963813763,-0.0012624377709771165,-0.017995677443467358,0
2025-05-12,0.01423173204068278,0.0024052541390045482,-0.0010740721886195272,-0.00019021297612544272,-0.002986993811938747,0
2025-05-13,-0.013872514570343436,-0.014854502072378421,0.001513735358094289,0.0035008831828312369,0.012541899028002927,0
2025-05-14,-0.027715995363477477,-0.023311406286119378,-0.0052977702027064248,0.0025931073286875527,0.007648946070232047,0
2025-05-15,0.007340610340127094,0.0074057956142349361,0.0080760475742822878,0.00073806211899182209,-0.0002693075098870153,0
2025-05-16,-0.0010924997987918272,-0.011673787810830708,-0.0021353863554546592,5.4470321983085748e-05,-0.0077681997120162272,0
2025-05-19,0.020136455718946442,0.020294881171984646,0.0083574508171199331,0.0016195621432471931,-0.00051639693025224776,0
2025-05-20,0.00089623560195395587,-0.0063423694973549841,0.0043467989939396171,0.0021339467093936014,0.0098750200011024879,0
2025-05-21,-0.048254407563054172,-0.028870827979382181,-0.034401272158832166,-0.0013936730879735525,0.0095156875977476726,0
2025-05-22,-0.043563572240756826,-0.01985258070911438,-0.02133383740017825,-3.9389961737963964e-05,0.0059569086871531299,0
2025-05-23,0.00072840762162426176,0.00018702307086450063,-0.0098487437603684662,-0.0031795248132225444,-0.007032793068109406,0
2025-05-26,0.00046913862199643268,0.010491198635814587,-0.0048398204729022398,0.0021215837984696105,0.0065536364586988236,0
2025-05-27,0.007714732248600603,0.0061665873340348842,0.0080786527665601231,0.0038170436638615395,-0.029206313159442894,0
2025-05-28,0.014812626435783327,0.013153312870601168,-6.0213696562575782e-05,0.00024414872432155393,0.002684164772297516,0
2025-05-29,-0.02300332193490829,-0.012539535014061652,-0.019564835094737377,-0.0037250182248254296,0.024700990891055215,0
2025-05-30,-0.015481500745418406,-0.0096655002869812968,-0.0018926896289408936,0.001196002929838656,-0.012474795489744745,0
2025-06-02,-0.0018263589175274778,0.009890238855978277,0.015697707661932729,-0.0015273604990683446,-0.0025930544114925423,0
2025-06-03,-0.0067258833101827079,-0.0090302617111570997,0.0041733854502024039,-0.0010940289949960278,0.00084704660786708073,0
2025-06-04,0.0084272551091362242,0.0095265626310711733,0.0056037965704149508,0.001227837501623807,-0.0053659398043858775,0
2025-06-05,-0.01082279909295436,-0.027087347290269272,-0.012692006415238915,0.0005581974259229039,0.011854570355922175,0
2025-06-06,0.012498026693591881,0.010449417396527223,0.0099075286867312765,-0.00077859579560948301,0.0035305670393174973,0
2025-06-09,0.0070819048813654147,0.015429613239632222,0.0095396129223119935,-0.0010692901386829957,0.00098191995230664493,0
2025-06-10,0.0090539278373696127,0.011842486025496198,0.0034588829879166772,0.00032650489939749894,0.0062779348066102324,0
2025-06-11,-0.0011574312336747107,0.0055637192676654609,-0.0020728069693750047,-0.00063703799452226144,0.00071535761859363922,0
2025-06-12,0.0043819730188287831,0.0036977654044192954,0.0082396002743932405,-0.001896626840485413,0.027549547005572991,0
2025-06-13,0.0037861284028344816,0.00019057311687277804,0.0024851687760028629,-0.00049861372666104803,0.001656764117723819,0
2025-06-16,-0.00089493387916508328,-0.00034640553647539117,0.0031197624459258144,0.00071126672185933143,0.0011603724305335734,0
2025-06-17,0.021842127503359843,0.014077450138129532,0.010566065556218508,-0.00022058624027534003,-0.017372945638652784,0
2025-06-18,0.0010122804191192158,-0.00094592451334592816,0.0042759442494638153,-0.0024443154768467334,-0.0040029811215315922,0
2025-06-19,0.016281142126610873,0.014392215316528614,0.017334427224045552,0.001880316318475971,0.0085744048219379906,0
2025-06-20,0.028385458028717007,0.018529995548340797,0.022559621028942441,-0.0048298605864980004,-0.01557445370104996,0
2025-06-23,0.010557606243579331,-0.00039740673898200438,0.015818485615951765,-0.00070345727905118331,-0.020312482917932754,0
2025-06-24,-0.030571574160752631,-0.020555908867414183,-0.011186983866790895,-0.0010163572181970484,0.0020911472332067471,0
2025-06-25,0.0099878985081159801,0.01045853563707382,0.015254073489911759,0.00036672198016854672,0.011439906917624398,0
2025-06-26,-0.0099308427262003989,0.0039202083697085811,-0.0028453864982277361,0.0011109912540449237,0.0016627709006603252,0
2025-06-27,0.015304177309204539,0.022498699952585556,0.030098120724985196,0.0021281766548698635,-0.0048511146720804027,0
2025-06-30,-0.011941173773114801,-0.02619124930783634,-0.017875137461029377,-0.0011823287720338883,-0.0145788453333561,0
2025-07-01,-0.018026327678318067,-0.0075697823414335227,-0.015787880945923847,0.0011558482072002673,0.006392501372935953,0
2025-07-02,-0.014013484606547291,-0.00093948734233243077,-0.0022020420085569425,0.00045247309818663,0.0069730064132774456,0
2025-07-03,0.043420056836968528,0.031324300450254861,0.031962386225821149,-0.0029807708753298019,-0.021444151599650005,0
2025-07-04,-0.0089593453185712948,-0.010386831404731208,0.0055243817563459495,0.0035209724597813972,0.011506376816156998,0
2025-07-07,0.0043811624245966973,0.0099737301778262608,-0.0014825421297234563,-0.002489795229032359,0.0065548148636401541,0
2025-07-08,-0.0006779274275104211,0.0018072777369896181,0.0043965486913494197,0.00085509509015748689,0.010522023936828712,0
2025-07-09,0.022047690591549346,0.0066559496475402796,0.017582428909450658,0.00080192789955594592,0.0034002912862453232,0
2025-07-10,-0.0067193281629345063,0.0034949254937750129,0.0041591397635041376,0.00059614620819233889,0.0060335344848930685,0
2025-07-11,0.010283430556564851,-0.0043482114085390856,0.00045350716150458197,-0.00079023838789089342,0.0036578346108686812,0
2025-07-14,0.0069192871923083685,-0.002072199803994256,0.0079663588319244701,0.0015890547720529041,0.0080437872684358952,0
2025-07-15,-0.01875701438907738,-0.00080915934043273349,0.001876385982923009,-0.0027086614530975718,-0.01520015174618349,0
2025-07-16,0.003866690132575617,0.0026834411706652735,0.0055233804840057951,-1.8491819613061241e-05,-0.013733136158580543,0
2025-07-17,0.00014795488711526628,0.00037824844093572443,0.0037329033892227431,-0.00091497441779442518,-0.0069565993390771352,0
2025-07-18,-0.0091897931795058094,-0.0010323257773108205,-0.0032203725215118927,-0.0011191362957206567,-0.00017269018596958161,0
2025-07-21,-0.012877604763416864,-0.00096285220826664887,-0.0053715879161898216,0.00087174601741638242,0.0045493272777899054,0
2025-07-22,0.0034255518934326822,0.011949522995867438,0.0068732815972727497,0.0020394613768954296,0.0024917778556052318,0
2025-07-23,0.010044222874035343,0.0043430196591960806,-0.0004153980906808569,-0.0005178603713063589,0.010304366154670041,0
2025-07-24,-0.019238552988495975,-0.0041760578226904222,-0.012792463733070976,0.0015052259618663995,0.011917954039902243,0
2025-07-25,-0.0014664621691235563,0.0095027160365621661,-0.0025240846384659466,0.00018953319780027727,-0.0084203657053628107,0
2025-07-28,-0.012137130841275717,-0.0023552245739046343,-0.0073292331354435445,-0.0015069179766284153,0.0028128754179910769,0
2025-07-29,0.028525485085217073,0.017201281416910651,0.013506777032262361,-0.00036431376783391489,-0.0097756058501776016,0
2025-07-30,-0.0060332958817150995,-0.004394544492456175,-0.0022679067843361621,-0.00043907460342490679,-0.0011618161391086777,0
2025-07-31,0.0096770988777203325,0.0017541457114641596,0.0079126849196034139,-0.0011539878425098037,0.0017922556664606553,0
2025-08-01,-0.014415924457679821,-0.016714493629707707,-0.0049279390727515904,0.00087126927158050075,-0.029053505336864918,0
2025-08-04,-0.021934311497887334,-0.016587546600124313,-0.014542441707147129,0.00052236313786856669,0.023859668135190755,0
2025-08-05,0.004157265124101828,0.0065695345444206467,0.012572740345931048,-0.0027631694568849524,0.0045266569711037213,0
2025-08-06,0.025682639629651227,0.018683622083654788,0.0057491870345363974,-0.0028727467914308438,-0.0066029767281246361,0
2025-08-07,0.0051500830957424137,-0.0031695972615142657,-0.0046687901954244656,0.00086443201577035794,0.017871620600834942,0
2025-08-08,-0.0042354362509914034,0.0068461991797146952,0.003549111194502868,-0.0013675155718301621,-0.0031121543663460284,0
2025-08-11,0.0087576524106508374,0.01095875108151672,-0.0077042560193966211,0.00064367407918058321,0.00070864849841742938,0
2025-08-12,0.013150237404334141,0.015255745417505288,0.00741637599521742,0.0015056768405965391,-0.0065264640486201956,0
2025-08-13,-0.022209489619853244,-0.0070038688696568221,-0.0017477523990329499,-0.0021877151073300067,0.016436837010337043,0
2025-08-14,0.004743993377355973,-0.0027031510349283232,-0.011273246326793867,-0.0024407670582371334,-0.00064822834067394775,0
2025-08-15,0.02050291143992921,0.020363306861199776,0.015800348088310875,0.003113977028311531,-0.0002224373883529052,0
2025-08-18,0.0004271757172489973,-0.0015299829436896061,0.0052340608721292096,0.00073282740933242627,0.011690181600858815,0
2025-08-19,-0.0004586482622224732,-0.004962404564459749,-0.00057636987154584805,-0.00065463318201188761,0.0050961872130128186,0
2025-08-20,0.005174599734710383,0.0066464642067518556,0.005934379363706061,-0.0015810928147632743,-0.0011360393535469349,0
2025-08-21,-0.0066246395802209103,-0.00029095718937890286,-0.00063429942567360884,-0.0008187935280331032,0.011508922863988372,0
2025-08-22,-0.0023947202042936765,-0.0054191079332973338,-0.0058965327471826642,-0.0020430302050039586,0.023564311118399357,0
2025-08-25,0.007642399944457757,0.011873496221790431,0.011942802971317105,0.0016901419133630625,0.0017311659426647889,0
2025-08-26,-0.01141497407766006,0.001733108465896388,-0.0050939215420847447,-0.0012981520764913774,0.0013884086854719815,0
2025-08-27,0.0033973415288468365,-0.0037151545613257364,-0.00098955351733590068,0.0020683622587892806,0.0013213824570723885,0
2025-08-28,0.014444937128934313,0.010387553714338913,0.00058456740972857944,-0.0006211320555860202,0.010922505595793953,0
2025-08-29,-0.010767132036818464,-0.011629479689603482,-0.00026518500657352669,-0.0017780303305111663,-0.004820079327469611,0
2025-09-01,-0.011481248139260474,-0.017774732031948355,-0.0031947219708175949,-0.00066734285842484252,-0.000465632483740407,0
2025-09-02,-0.015742238865906838,-0.0097828604786847628,-0.012859003617175648,-0.0046235001995025499,-0.011495550412551146,0
2025-09-03,0.018903531379227245,0.015359626058363957,0.0020409329070810766,-0.00011738343801321245,-0.012330140988738919,0
2025-09-04,-0.004191775704863991,-0.01044852649105903,-0.012711993402506252,-0.00020621454403428542,-0.0033572464363844788,0
2025-09-05,-0.0023177584632457764,0.0043903797000852717,0.0036669518537608041,0.0015845369437863417,-0.00060956207008209704,0
2025-09-08,-0.013290147031507658,-0.0036332448978389394,0.0087391047266869616,-0.0032953488703700829,0.016495298760745819,0
2025-09-09,0.002362720769822428,0.0051923224443707287,0.0061382419451661892,0.0021913594495543858,0.0042534555038370569,0
2025-09-10,0.021012168999955946,0.018328532497215236,0.0081968907592884187,0.0015770787309957808,-0.010043382228557381,0
2025-09-11,-0.0024722834061999639,-0.003632778096911917,0.0051835971444056132,0.0023536784146575927,-0.0065242918701465197,0
2025-09-12,0.0085017728511740352,0.011869215161454708,0.0070736967160261125,5.1015231925526674e-06,0.010914484049785901,0
2025-09-15,-0.0071751769389006232,0.0015832388522866896,0.00029890543757956668,0.0019250143013849598,0.0097953774985818278,0
2025-09-16,-0.010619976978126276,-0.028871494027580789,-0.019774662837792854,-0.0025482392628324293,0.0030203319801968163,0
2025-09-17,-0.01225730714164909,-0.021283357778513336,-0.002957032927989163,0.0013834856173681595,-0.0017062895660743716,0
2025-09-18,0.0046756682960748305,0.0094775067234403824,-0.015131052566023153,-0.0012880929717799014,0.010242358970288504,0
2025-09-19,-0.010800527693243321,-0.012897966791915414,-0.0062174314742711604,-0.0028725232983612854,-0.006739084138782157,0
2025-09-22,0.0075519120495264082,-0.0041741730848311696,1.1971626725444055e-05,-0.0019234529326958491,0.0031418158474844572,0
2025-09-23,0.0014275107115735721,-0.0065730993993272794,-0.00046638849360917858,0.00010995604953268704,0.020217245437708635,0
2025-09-24,0.013859749119996378,0.012949155865338619,0.020115446766526601,-0.0013837385747916861,0.00011790942217191876,0
2025-09-25,-0.00013871746566161561,0.011608232194125767,-0.0026003407386062192,0.00077693235705243995,-0.0071588189035908288,0
2025-09-26,0.0068285381304411929,-0.0093354630052041917,-0.010000352521536335,-0.0031548275990072312,0.0049408066235499416,0
2025-09-29,-0.006679637939467813,-0.0013218536295683328,-0.0073924388516934956,-0.0037287755785085511,-0.0028531897052300687,0
2025-09-30,0.0083843872862962316,0.01236484206478305,0.0099945442711433224,0.0025702973814584365,-0.013817941335581334,0
2025-10-01,-0.0014481412054166056,-0.0010435256158043988,-0.0054118825940334065,0.0017268402329225819,0.0069644644731507461,0
2025-10-02,-0.0077293733036023233,-0.0095231362025864665,-0.010485926780858258,-0.0017887343046448533,0.010393529579505551,0
2025-10-03,0.008964086775346311,0.0055840967889919154,-0.00516949144274996,9.4600641753028874e-05,-0.0026652908566295224,0
2025-10-06,-0.0031766061662494931,-0.001268934515764408,0.0082812087445160148,0.001935112708362383,-0.0033688471179406285,0
2025-10-07,-0.035021273827550652,-0.029663582833012882,-0.024836530214043903,0.00085456109492308989,-0.0037756152171857845,0
2025-10-08,0.001496757994117439,-0.0093592020275629333,-0.00049288148733797957,0.00036680157313026112,-0.00061203193116542837,0
2025-10-09,-0.028362222824958323,-0.027035968497613121,-0.021949083303163749,0.0020712773463626745,-0.0011024611850351824,0
2025-10-10,-0.0017615522860534027,-5.6568269311742941e-06,-0.0054425676683537722,-0.0012152824553621966,-0.0086832476507078954,0
2025-10-13,0.0081761705566288888,0.0065278783107465318,0.015539655397580997,0.00015612120759633168,0.016140599717659854,0
2025-10-14,-0.018330387813617739,-0.014048491637753565,-0.013056978630503214,6.7872451073695069e-05,0.0065724030047824532,0
2025-10-15,-0.00086468342441102432,0.00079749943223610424,-0.00086321427106010162,-0.00039097168580787663,0.0049521175336199224,0
2025-10-16,0.025866791901626118,0.02230569292197631,0.025685982518294934,-0.00060164992055735365,0.0045051345603612999,0
2025-10-17,-0.01448573386154871,-0.011766769464736006,-0.019843012888840522,0.00023116282809128335,0.0099847354637700378,0
2025-10-20,-0.0025464728716264253,0.0045730685456127915,-0.004765199446320971,0.00016193349277394958,-0.0033560829407309977,0
2025-10-21,-0.0052541550685951642,-0.0050429511348960426,-0.00023143819743096257,-0.0017871697565621464,0.0026453957882805199,0
2025-10-22,-0.026617393464258669,-0.018132308059264472,-0.015611451297530663,0.0015432326378208054,0.00064367662704025927,0
2025-10-23,0.013982155954540092,0.0023255310862867742,0.0065442893343237891,-0.0016574933739792648,0.0031486811391953458,0
2025-10-24,-0.0024001499990507985,-0.01300741517684181,0.0083141546710144808,-0.00029282020018491298,0.004006941698378186,0
2025-10-27,-0.0045843250960148491,-0.0010645851698971682,-0.0032133772988247053,-0.00043150485089609266,-0.0023256548271017681,0
2025-10-28,0.0072756154006282277,-0.0021222503759713712,-0.0083211620471134833,0.00074458650278658861,-0.012941281330557065,0
2025-10-29,0.0055131200364766739,0.0074780019289450014,0.0034064238042153683,-0.0037143870923911993,0.0011820153607596934,0
2025-10-30,-0.01545057842116249,-0.012123111240942071,-0.0074321944807014756,0.0017036376668730247,-0.00026477393133336464,0
2025-10-31,-1.7794682770880645e-05,0.00015895242804528104,0.0013539598163112572,-0.0011185826257018954,-0.017080836417541795,0
2025-11-03,0.0062929467773817768,0.0029097838496851,0.0018584304250645603,0.0022959339305986975,0.0046346909383695447,0
2025-11-04,0.005222286671824246,0.0034824284204162184,-0.00012098932717555681,-0.00076069686412907781,0.0088160014353962438,0
2025-11-05,-0.0054663643024169539,-0.0045517221854595733,3.4390623859576006e-05,1.20815456787811e-05,0.022827071430219569,0
2025-11-06,-0.0023924061633031988,0.006835376827136282,0.0055721002947235546,0.0035448148721231622,-0.0037383715991544811,0
2025-11-07,0.0079200930026405228,0.0073591133067647339,0.0016594352740063713,-0.0003992087758286032,-0.005631892079661617,0
2025-11-10,-0.033273277610885131,-0.047513894627868571,-0.034706165919769848,0.0023299297924122258,-0.0044060302915903985,0
2025-11-11,-0.022904113146451965,-0.011462408881146606,0.010602207275975679,0.00017028115401620817,0.0034291174283378138,0
2025-11-12,-0.013286310955324229,-0.0054056087833314285,-0.01419935039118557,0.00084775389452828123,0.0038154021991186025,0
2025-11-13,-0.00468533624090294,0.013349582225632133,0.0030481399737844247,0.00022592546094047413,-0.0076230324816477348,0
2025-11-14,-0.002007744708651343,0.0059691452271121662,-0.0077084673369175833,0.0016261329273402235,-0.001674149094597302,0
2025-11-17,-0.0023960175263851549,-0.0073173873621766184,0.0006258458116420604,-0.0011339569031354924,-0.017656810124754244,0
2025-11-18,-0.018303669772303757,-0.011505259987640213,-0.01605309977859095,-0.0016712873414345337,0.010434968194459519,0
2025-11-19,0.0018760785206913873,0.0097774484019145756,0.0007977317819976939,-0.0010494371426786389,-0.0074459701068803298,0
2025-11-20,-0.0033436028545197594,0.0012663064511991835,0.0040791578501080889,0.00027947867738336386,0.00023644848938043396,0
2025-11-21,-0.0034348549533435328,0.0045216809746974522,0.002749843041228401,-0.000297473813990593,-0.012687325597485003,0
2025-11-24,-0.0036527158971643506,0.0068914378531157033,0.0068918094220892919,0.0013784947776481176,-0.0057564359466492302,0
2025-11-25,0.010675699335449476,0.0050789674889701545,-0.0065629079234759647,0.0024485170596787358,-0.0031408805891968471,0
2025-11-26,0.016014543995605396,0.0069056634345619951,0.018752911680782153,-0.0016565090070230154,-0.0014137814967364855,0
2025-11-27,-0.010397960054700565,-0.02553986853294251,-0.017389291808875638,-0.0012211078249050786,0.0063747183790571777,0
2025-11-28,0.0078191243422781071,0.017696087643487488,0.020613719099004925,-0.0024852309529631374,0.010943734336393156,0
2025-12-01,0.0034872878193756753,0.0026856143904613371,0.0073251157984694304,0.0037546713833663866,0.0065076761219403593,0
2025-12-02,0.025840429475417662,0.023331298369143681,0.018053700677758834,0.00064840509841928835,0.0060614113457441859,0
2025-12-03,-0.0058973339522164934,-0.0077428735728714334,-0.0048699897131696118,0.00096364417609284001,0.013103702182185616,0
2025-12-04,0.014434509272998167,0.017067947437803641,0.010562518924854067,-0.002312375093055887,0.0034549372107161034,0
2025-12-05,-0.015445392446098456,-0.0011748726253252469,-0.012590723513360002,9.7894019787625662e-05,0.0016381093112085748,0
2025-12-08,0.023843971671797512,0.012212512861689737,0.008768282575957036,0.0010166463719435534,0.0076081236912470054,0
2025-12-09,0.0080990244757011744,-0.0035139476827489875,-0.0037312013854295355,-0.00035496384296196496,0.010213077541951691,0
2025-12-10,-0.014015198196832928,-0.0018226240472665415,-0.014851036264002266,0.0020362701246875101,0.0064657250213007826,0
2025-12-11,0.022875209108869317,0.01946303196655496,0.012071802955575115,0.0042612960261570933,-0.013955604257637599,0
2025-12-12,-0.0045692628791248937,-0.005279969409720549,0.00019475135923386656,-0.0016047130887691132,-0.0075634028088262086,0
2025-12-15,0.0047684726969397647,0.00021330512042403902,-0.0035858471096966156,-0.001739757042758054,-0.0022092410526462574,0
2025-12-16,0.0060417069387094556,-0.0045807854013860498,-0.0031494840279605589,-0.001479960917951438,0.0071142493049322084,0
2025-12-17,-0.0074185232928557455,-0.0045893784292244666,0.0012545028369973388,0.0029911584880296829,0.00011342996984057542,0
2025-12-18,0.0080805174620426218,0.0044132929601323903,-0.0018819308970948138,0.0019762395706534319,0.0097167038636790642,0
2025-12-19,0.00859304227343664,0.016568997127128293,-0.0073055568581555791,-0.00014395007202856725,0.010807349066319402,0
2025-12-22,-0.0014194012203636438,0.006472677459987598,-0.0006541420128556687,0.0001658073959215737,0.011510706874114604,0
2025-12-23,-0.0023308736927286078,-0.00069981234700109383,0.00070467964973268881,-0.0013697785271540985,0.011439228518699125,0
2025-12-24,0.015140544394391761,0.0050560635205151774,0.0041772140400477215,0.0017020488839377314,-0.010203258577199748,0
2025-12-25,-0.00047336831517191791,0.014124481423620177,-0.0074379276338389141,-0.00058382328339539658,0.0045844401918580177,0
2025-12-26,-0.027130535626889565,-0.026495010497447846,-0.016815247561552088,-0.00036813777101899874,-0.0020773499673072838,0
2025-12-29,0.0096015072218289619,-0.00063712048129636704,-0.0067037796608909461,0.0011958215887526624,-0.01509473721016852,0
2025-12-30,0.0010608577141636086,-0.012852716502878038,-0.007711062296784631,-0.00023839088854979814,-0.0021595504291290241,0
2025-12-31,0.0076610692592854624,0.01139088923438192,-0.0022573950234515434,-0.00032293878829612352,0.011638859078975244,0
2026-01-01,-5.6942689951747574e-06,0.0094761471717378053,0.0077848516017202749,0.00011903536995233514,0.0037739498704966205,0
2026-01-02,0.016343314624184434,0.035253816919892683,0.012967595172428686,0.001531639744827538,0.015458422930381117,0
2026-01-05,0.0077764667804084125,0.001930426223288817,0.0048346679559576515,0.0030636875358708996,0.00032222135242242602,0
2026-01-06,-0.022794263833067489,-0.0087145327141939719,-0.000918068586855161,0.0011538752180429476,0.024538891722209161,0
2026-01-07,-0.005007130283196156,-0.0084764856269907429,-0.0043014422802768121,0.0015459656025236805,0.0029382317665426665,0
2026-01-08,0.0015391943726393393,0.00089628386576959262,-0.00077717288990102485,-0.00025973731178202387,0.00086691140652424867,0
2026-01-09,0.016919052241740572,0.0064923516340635676,0.0097483515147040022,-0.0011740361537036904,-0.01362074003866034,0
2026-01-12,0.023136879908332457,0.022163909581762599,0.0061893471911035631,0.0012771752180232071,0.0083011439382116164,0
2026-01-13,-0.002957605340796603,-0.0055019527201141186,-0.020497386442361161,0.0004082334842810284,-0.0029980734475408863,0
2026-01-14,0.0020533502647466216,0.00032675016043079885,0.0062744143691036069,-0.0024607315677495486,-0.0057725483504714658,0
2026-01-15,-0.0084137515845467518,0.00069514191695225873,0.00043492426434593333,-0.00049052532216607638,0.012091375193274212,0
2026-01-16,0.024874109664457252,0.0095603904809368513,0.0092729038859488619,-4.9214642266796462e-05,0.0086212727981831126,0
2026-01-19,-0.0082364090758517711,-0.010674420069031409,-0.0060035635241384167,-0.00081882416065126161,0.011297250426106274,0
2026-01-20,0.013935978300200519,0.0093167371797277399,0.013269523654642779,0.0027671240701758288,-0.0047820935966966637,0
2026-01-21,0.0070103932219080286,-0.0028056790758898466,-0.0032295781881141582,0.00096371026642399018,-0.0014647857096906948,0
2026-01-22,-0.0013938757291586442,0.0088033450081260317,-0.0008427105035731389,0.0025717148521995658,-0.00090679785784073073,0
2026-01-23,-0.018269283359532838,-0.0015030978610755998,-0.013056115029115909,0.00057416547097388724,0.0083498444732567189,0
2026-01-26,-0.00025404166974132879,-0.007905045542077686,0.0079948879541971059,0.00024649810556513991,0.0146134884678337,0
2026-01-27,0.0053400650052270451,0.011309650146891784,0.012014247410190984,-0.0015858760716984483,0.0021832600807098162,0
2026-01-28,0.01963960698378021,-0.00040102487212608602,-0.012294542773612671,0.0001214731597538201,0.017738717316991316,0
2026-01-29,-0.015554847589363397,-0.0062988951467282967,-0.015041507155632204,0.00012349706621579234,0.0093295505240086167,0
2026-01-30,-0.0095988111235179446,-0.0056321033647600887,-0.0020970848892314002,-0.0023608049912616199,-0.0017313800128260486,0
2026-02-02,-0.0014736563875667845,-0.0094404988943359615,-0.0057909670599328358,-0.00087114944558671075,0.0081502137403167019,0
2026-02-03,0.0057151908255203623,0.003156816771882663,-0.01018675328065027,-0.00048190867732945231,0.015911048764414383,0
2026-02-04,-0.0078375383034046398,-0.0079062100687222643,0.0062518559291936211,0.00084426317930029861,0.019137735380705005,0
2026-02-05,0.0085300863626425263,0.016821232893179827,0.0053396607115747292,0.00093043020157427105,0.010169943121201865,0
2026-02-06,-0.018578420006136635,-0.0065961810875041719,-0.002095859063744369,-0.0009463732675373687,0.0012957120205950399,0
2026-02-09,-0.0030670852100997295,-0.004624982850056321,-0.0034201003193593689,0.00094396528457539282,-0.001949987294509643,0
2026-02-10,0.014122126883483948,0.026228481412065869,0.018109525721940915,-0.00022774207282733061,0.002739147874763849,0
2026-02-11,0.0080493711687629008,0.021602810064288793,0.010730500946408057,-0.0050653160447389212,0.012763314673883142,0
2026-02-12,0.0039682384213938337,0.0073720644479915113,0.00054417896925534502,-0.00077246365751277614,0.0036206274727737502,0
2026-02-13,-0.016935783497526058,0.0039713544526660078,0.00141346658037592,0.0020421795522562814,0.0046506390678022307,0
2026-02-16,-0.014347185462708254,-0.0097796199570763659,-0.013983325167817508,-0.0029272503619298235,0.0013893318971267758,0
2026-02-17,0.0019371582787504056,0.0039834411020166138,0.013089047854326507,0.00030284416074797242,-0.0034710596940347761,0
2026-02-18,-0.0028036272833468845,0.0009900480990695168,0.0026170604432496376,0.0029534701855335166,-0.0016072215263402065,0
2026-02-19,0.0025727863535433761,-0.0075496718262178207,0.0078818888128831931,-0.0012691033154188652,0.0013195419496721489,0
2026-02-20,-0.041063406746044057,-0.04088702147362016,-0.034983777138018868,0.00010386834476983455,0.020950010953340766,0
2026-02-23,0.0054939446052511796,0.008155166199429513,-0.0053848893244101996,-0.0022472292630102584,-0.0020488180229820208,0
2026-02-24,0.0099229098535065022,0.0063985854585576476,-0.0032989963581119166,0.0030290160549944294,-7.7567248951378675e-05,0
2026-02-25,0.0051431049846349924,-0.0096196587393087788,0.00043393820163350528,-4.9998728593905699e-05,-0.0074506774747169161,0
2026-02-26,-0.007194036000099195,-0.015902351603364076,-0.004325783921853771,0.00018392831702923268,0.0074724952982640055,0
2026-02-27,0.023351099397026037,0.029741429511938484,0.011633727746030267,0.0025377408379101199,0.0097338253594487899,0
2026-03-02,0.010746239475709754,0.0065121467639809427,-0.00089964364784860581,0.0012906611103618659,0.013785835955586474,0
2026-03-03,0.004620710526989682,-0.0004112550867864705,-0.0050190640566227032,-0.0014761317184941315,0.0014839344294309527,0
2026-03-04,0.00024228830196034671,0.00077938239195887216,0.0015260660381512573,-0.0010651002633571686,0.0049660067793302716,0
2026-03-05,-0.012902140634737729,-0.018845708168878175,-0.0099985109633310056,0.0009908763481419375,0.00010648277905704628,0
2026-03-06,0.010763071633845571,0.022917957752242972,0.0063986393950673367,-0.0010234178991132921,0.0029186153642725325,0
2026-03-09,-0.017813145096002098,-0.020989259861355501,-0.0042126938001843927,-0.0037110379618169485,0.0054935421319255639,0
2026-03-10,-0.0036022992738914891,0.005436051622831688,-0.0024527595554101073,4.1665624496599806e-06,0.0010291555139359556,0
2026-03-11,-0.0011904611657503586,0.0028827765132482691,0.0095459784956083722,-0.0025643827900246573,0.0010162105632353863,0
2026-03-12,0.002305791583968873,0.014349847305667367,0.0010533272371814405,0.0030093071564147064,0.0034073929880532846,0
2026-03-13,0.002402725967019164,0.010416525466831417,0.007978736591935872,0.00041821774797367483,-0.003730511705324565,0
2026-03-16,0.015789837711938787,0.014226453169687079,0.0063450036788057157,-0.0015293151021384358,-0.0032970698367667476,0
2026-03-17,0.010237901404447901,0.0132835707148491,-0.0036082702656039514,-0.0011575383463924165,0.014270483699636833,0
2026-03-18,-0.0067289024326123792,0.0023336526086034631,0.0076019616274683047,-0.003300915658173057,0.024713933709014039,0
2026-03-19,0.0069273985877009352,0.0040073762790110209,0.0006398197511980556,-0.0018790313962049065,-0.010973816548067497,0
2026-03-20,-0.012704003956371761,-0.0099433061361652413,-0.001682364747272588,0.0019293817645732586,-0.010042576952183836,0
2026-03-23,-0.023355506957093927,-0.0021641864459983253,-0.014389841131449711,0.0041172150618863047,-0.0066248125508957811,0
2026-03-24,0.032905371945047848,0.019121579781679894,0.016929625850343445,0.0014075137237581253,-0.0041518505115636269,0
2026-03-25,0.013747891055566194,0.015598779430941597,0.0061792011691017895,-6.5676569517852487e-05,0.0060657154752149518,0
2026-03-26,-0.021135514701480645,-0.017019294895630012,-0.0049720892102382451,-0.00067752687617704988,0.0077815414984629353,0
2026-03-27,0.0040616511005966147,0.005928001250354217,0.0044781700703717545,-0.0016216924644374519,0.0011964588587115212,0
2026-03-30,0.0206024977789207,0.01004121302996467,0.011433629454872004,0.0038075786188115327,0.0031670496173485888,0
2026-03-31,-0.023553870685296498,-0.019796108727748982,-0.0075669580710330409,-0.00023974766335587479,-0.0031445136058435288,0
2026-04-01,-0.020825563729262041,-0.013491344735909237,-0.0020825262001996359,0.0039081336941125073,-0.00036824732422473727,0
2026-04-02,-0.0096531739122261342,-0.021315114713451676,-0.0039522354077817633,0.0026083351172981094,0.0015587035567302305,0
2026-04-03,0.0036821563377646975,0.0061167338439315341,-0.0040689676266680809,-0.0030334335764232927,-0.014956958885263553,0
2026-04-06,-0.00017705473304534605,-0.017132607346884543,-0.0117771404252482,-0.0010987143123667251,-0.0088887170222255972,0
2026-04-07,-0.0040170828782688552,-0.014065815408784793,-0.0086302385135891262,-0.0011042812235128802,-0.0094677989832137408,0
2026-04-08,-0.0087870957166752243,0.0050757640889600181,0.0075139470088993118,-4.3723455390331023e-05,0.0064240843543143722,0
2026-04-09,0.05451561832587519,0.050951109503980116,0.036004863979127735,-8.5656556047562576e-06,-0.0042132340244658961,0
2026-04-10,0.023411107409552392,0.013941748853952562,-0.00044739416445621974,0.0054932303717166574,0.0041566107186666095,0
2026-04-13,0.0012842970205907446,-0.0040705984093399638,-0.0065132817518550956,-0.0018390101740545658,-0.015410491819386979,0
2026-04-14,0.022878208333652023,-0.00067742507462375048,-0.00096968561357091768,0.00051214588419590192,-0.014713660499603508,0
2026-04-15,-0.014336736830940045,-0.015682762642875145,-0.0057310560741860687,0.0012097139364420457,0.007121210927139866,0
2026-04-16,0.019934482610451706,0.02511423283592381,-0.0002245228675290846,9.7170391955446879e-05,-0.026690722804318338,0
2026-04-17,-0.010316575982250293,-0.011752477242306405,-0.00075010753557900375,0.00029832504000644445,0.011894740311376993,0
2026-04-20,0.018048488132567559,0.018992568611547318,0.013469610246915118,-0.0017806560097518569,-0.018372698258713363,0
2026-04-21,-0.016453719900294046,-0.012186297280529425,0.0056370207415108523,0.0002916751502848272,0.0088171046933067619,0
2026-04-22,-0.0021782327623393613,0.0020424964436492454,0.006279574288288679,0.0010205181931138693,-0.0080833243511822805,0
2026-04-23,-0.011552189894617811,-0.010653009114874674,-0.0074672920085590956,0.0006896810516880315,0.010501972150348756,0
2026-04-24,-0.0068258499650867294,-0.007813169581062691,-0.0031697005376480365,0.0011263616270417646,0.030525595930991255,0
2026-04-27,0.0055381143560578961,0.0015099610277701609,-0.0078301168683110964,0.0026426942211452173,-0.020425323624345126,0
2026-04-28,-0.0043819211326858966,-0.0082123415248136558,-0.0097367286278670605,0.0017865397754458152,0.0071387492693296885,0
2026-04-29,0.0062057500623094487,0.0068315559716706897,0.011604374239545171,0.00022833030429538653,-0.017936999243673875,0
2026-04-30,-0.0073490907321694283,-0.0033993377661434504,-0.016535667395468301,-0.0020091650333899005,0.0046508270660164256,0
2026-05-01,-0.0072471857273959913,-0.0097992590548502054,-0.0020032892627630549,-0.00098000949448001488,-0.001389638618249591,0
2026-05-04,0.010017661412243511,0.0069811925521285501,-0.002855175171326147,-0.00029533607345134759,0.00069309004314701899,0
2026-05-05,0.0037725846505408584,0.012753762026722673,-0.0015231739799885851,0.00055422249641460522,-0.0076681109286588509,0
2026-05-06,0.0035129125952335087,0.0055277361300329316,-0.0082833520955847735,-0.00076099897069891104,0.0075030451005874766,0
2026-05-07,-0.015295726659641962,-0.0055406219765132079,-0.0045641179373620928,-0.0015843197585318329,-0.011564669273840948,0
2026-05-08,-0.01478091268170705,0.0010212850945804557,0.0012868219100242225,-0.0020387576404166069,0.011092699609584932,0
2026-05-11,-0.0083171130845841774,-0.0095215789831746816,0.0099919677040854159,-0.0028721199662999561,-0.0038438350475161623,0
2026-05-12,0.0053933766511120836,-0.010792071491333842,-0.0019838496069777114,-0.00032291126679422397,-0.01210716794445516,0
2026-05-13,0.00040044486547151197,0.010287400429557532,-0.0026732071621751608,-0.0025453977957265493,0.014128434597392475,0
2026-05-14,-0.016648902910281229,-0.015854378748048355,-0.0095110186020907327,-0.0017009462314833059,0.0010369855248039414,0
2026-05-15,0.01185711310584338,-0.0023444571891938016,-0.006664650818616405,-0.00060902337111974441,0.017043579815824987,0
2026-05-18,0.011438048114441312,0.0025492615506146092,0.0050682158225735397,-0.0023046511569045809,0.01063631910863116,0
2026-05-19,-0.002742631164682637,-0.0090041574245972381,0.0016795524804240625,0.00078355393929765461,-0.0066971459060527448,0
2026-05-20,-0.007530006206892397,-0.012632734429442658,0.011035451113151205,0.0014324015144902371,8.1290249132829088e-05,0
2026-05-21,-0.011089087938123871,-0.0097246183761632247,-0.010528669717789842,-0.0008889686355957173,0.0025014015396278089,0
2026-05-22,-0.0066029668680018761,-0.012634625081498336,-0.0068507298809355466,-0.00068664915369800311,0.014857471757168787,0
2026-05-25,0.0017065511333622819,-0.011665366320349124,-0.0086503728496662054,0.0010673735862503394,0.0050493759896234553,0
2026-05-26,0.0026667034481356036,-0.0045495721627291461,0.001427281475262173,-0.0011851911750224221,0.001695146227029103,0
2026-05-27,0.0042008664012580582,0.0030084624691114211,0.0022532713422264883,-0.0013089210408751312,-0.0016545028092626703,0
2026-05-28,0.012046821179205178,0.0032358463380799947,0.0031005512832850361,0.0022536972607353225,-0.0009589133882897706,0
2026-05-29,-0.0054662801287653851,0.00036769608023624607,0.0076191394194922791,0.0016915379296830169,0.011672356786432277,0
2026-06-01,-0.0079934467817809017,-0.0078807245747197652,-0.01198362244694544,0.0011827900042190552,0.0017236754242554143,0
2026-06-02,0.00087243738520179602,0.0015842914376762013,0.0077436108961252484,0.0017661603185093672,-0.0037599566808300048,0
2026-06-03,-0.019054077743513677,-0.0052805702988803615,0.00065931607592844112,-0.0034591017056612534,-0.0044608761694135456,0
2026-06-04,-0.011630342642853939,0.0038831538583935475,0.00075360355331360982,0.0025369039842275932,-0.0050012207106580739,0
2026-06-05,0.0083483095575575556,0.017278117685792984,0.0078150569732369085,0.00080571180985073592,-0.014300990867718593,0
2026-06-08,0.011159487577483801,0.0064420281917159945,0.019941438689673758,0.0019194064912103229,-0.0076248963006793503,0
2026-06-09,-0.011881528148333508,-0.011016985091620883,-0.013211602264702669,0.00079689120240945279,0.015181323173399815,0
2026-06-10,0.0071221967010140401,0.00084058870806341668,0.0058649300337838594,0.00018806468442428113,-0.0024863929023524762,0
2026-06-11,0.002712352425559934,-0.013391297690334019,-0.010430186735159608,-0.00039555658225169822,0.0075888685758249124,0
2026-06-12,-0.0014910339323791245,0.010244763455515617,0.014862726996247667,0.00076085987839516977,-0.022949246630704977,0
2026-06-15,0.00049804886866483035,0.0032937472862209711,0.0058293906353066704,-0.00046114623602819385,0.0051569706564720159,0
2026-06-16,-0.02041736460975186,-0.017641855637249074,-0.018832751104136701,0.0016621769801172023,0.0014533228790073209,0
2026-06-17,-0.013594490516289959,-0.0067103214066184845,-0.0029756645841192619,-0.0027556219601939606,-0.0030608537288820846,0
2026-06-18,0.0046330001485166885,0.0043850060264071771,0.0045882007796720281,-0.00087483655122969984,0.001195759657037805,0
2026-06-19,0.00051973655839715992,0.01347128452759791,0.0037132064700870536,0.0037806818472579632,-0.0056023563546711537,0
2026-06-22,0.0064347049714657545,0.0037713145949676572,0.0032658304152460974,-0.0010269448344303062,-0.01873678273747215,0
2026-06-23,-0.032955358158274058,-0.020976163575023285,-0.016841281548767847,-0.00032963070151426045,0.012033440325933868,0
2026-06-24,-0.0040346594767529248,-0.015459139588981204,-0.0094545146936335818,-0.0014886456800301373,0.0043400406103117298,0
2026-06-25,-0.0058884549898988049,0.0031194814202584586,-0.0039805909650500225,0.00070452221119448309,-0.0019887809619314072,0
2026-06-26,0.0028681907287692065,-0.0016376890179298081,0.00045290651318064586,-0.0012252768022559507,-0.0081581520156986994,0
2026-06-29,-0.0061057081855713947,-0.0014928095685943052,-0.0024142680121282218,-0.00023409968265269016,-0.012380481273511155,0
2026-06-30,-0.0083123899070850823,-0.0057414056590524678,-0.004997391277531165,0.001627959764863127,0.0031560252278027561,0
2026-07-01,-0.0060117035262250897,-0.00079985998808024565,-0.0054511138471874101,-0.0011577741538666684,0.01495940958288986,0
2026-07-02,-0.0052203106521527586,-0.0098383116508231408,0.0062725612923413398,0.0015195000146773976,0.0026953800692131468,0
2026-07-03,0.0011591712290391432,0.0035383525040775764,-0.0067350669517213767,0.0015800127680086417,-0.012226251837654791,0
2026-07-06,-0.023913989202013965,-0.00051930193336681418,-0.010173141452403453,0.0019989209704947288,0.004552105311910983,0
2026-07-07,-0.029859401174710736,-0.028915477238329317,-0.021260867573509555,0.00035297379085247251,0.0032835551747233773,0
2026-07-08,-0.014021242007422928,-0.009054626450940538,0.0037168510759756331,0.0059342663385582141,0.009196473736053104,0
2026-07-09,-0.0071260364367897976,-0.021840917369355839,-0.019303575792995596,0.0019981606537757472,0.0082011012035153909,0
2026-07-10,-0.0040984457712425742,-0.0061748421318300649,-0.0067182870050772336,0.00068477972393228787,-0.026302395163017703,0
2026-07-13,0.0040242765837626626,0.0044735069028300689,-0.0092503192638487466,-0.0014766639453471233,0.0056880693806581981,0
2026-07-14,-0.0075557764890188568,-0.0098713650685231212,-0.0022472380304114897,-7.4706426573453751e-05,-0.0081085593725151624,0
2026-07-15,0.0012520912226759618,-0.0031061479145205297,-0.0083740603751008419,0.0026673885584200608,-0.012632604344721606,0
2026-07-16,-0.022999171326201412,-0.02332336159735679,-0.012851828899433131,0.0031771623081272835,0.00031261266867915164,0
2026-07-17,-0.0085563296513545741,-0.0099134066057219219,-0.0167634576705573,0.0027609923807924122,0.0045579767437885265,0
2026-07-20,-0.0025383869954311812,-0.013718528126206194,-0.0010252018886758986,0.0015133461521133153,-0.014166412115060586,0
2026-07-21,0.029368139235988432,0.022005268091315037,0.010300121680948581,-0.0021601883713320297,0.0039846732222393096,0
2026-07-22,-0.014762932077918912,0.0020612569823786966,-0.019591559626242143,0.00097689127208620613,0.0090069032207814662,0
2026-07-23,0.0091414358123912201,-0.0014142185871060091,0.0071397321813331692,-0.0021345242804953961,0.00044289656104132643,0
2026-07-24,-0.0042299891400596566,-0.017385381082445507,-0.013162243924494423,-0.0025774481480853656,-0.0066743171968837896,0
2026-07-27,0.0078586298261999442,0.0036697012935392442,0.003577809999777179,0.00053048563223902939,-0.0084511797613801062,0
2026-07-28,-0.0075375040314099185,-0.010929529587195562,-0.0089284120956465516,0.0010417590050855506,0.010256295525169495,0
2026-07-29,0.015863816738422565,0.0092083553516236691,0.010691081917047049,0.0017260787772654484,-0.013666314237777111,0
2026-07-30,-0.015217336176786103,-0.01295505333276592,-0.0036393360726440322,0.00099484523269496904,0.011243354017285276,0
2026-07-31,0.0011463389359133731,0.001492123311511087,-0.0021515472645112443,0.0010568547743369469,-0.0020799311748113535,0
2026-08-03,0.0017710996294419594,0.0072277199991373671,0.00058511583845560506,-0.0016723746529862774,-0.0018664375877327343,0
2026-08-04,0.0074353592245017903,-0.0014415625054922891,-0.00066737463855189505,-8.8958032432399456e-05,-0.014428940748114096,0
2026-08-05,0.0095004525697735993,0.0028539294216934239,0.0015482426384498089,-0.0026128102141420783,-0.0017684205629155559,0
2026-08-06,-0.024041460425324009,-0.023164022906384214,-0.015640545725489632,-0.0035060644329203521,0.0084018616472326529,0
2026-08-07,-0.0048809310432405221,-0.012520134573647933,-0.00054994497902174141,0.0014331568777175335,-0.010355807387607642,0
2026-08-10,-0.0068914938164545735,-0.017713974123569804,-0.011770564524993917,-0.0012556239088237257,0.0059899286711617671,0
2026-08-11,0.016221286255038235,0.0064546675883165195,0.0035641102509091907,0.0016704973038574962,0.00037304510476311714,0
2026-08-12,-0.011303526729561511,-0.012552178485098001,0.004450080273165808,0.0020950256401840693,-0.0054167343078505049,0
2026-08-13,-0.02812648957522931,-0.026971196907758233,-0.01276818101991559,-0.0010147711843217558,0.011133848894089712,0
2026-08-14,-0.0023918277169980894,0.0049243367907550843,-0.00063547561401812577,0.0011625599701995384,-0.019743223494139362,0
2026-08-17,0.0058181713844587136,0.018023534853597433,0.010106743010157602,-0.0010900821115045548,0.00103759330832959,0
2026-08-18,-0.0067861722144045775,-0.0084938673849075073,-0.019131649737180755,-0.0032225819743282834,0.016343433353044969,0
2026-08-19,0.0021766726399483761,0.0031088569405582954,-0.003738101972812157,0.00032195692799642513,0.012609606755059889,0
2026-08-20,0.0047910591434057476,0.007358976339942278,0.0022123366351059848,-0.00074757298348836925,0.003589101495660905,0
2026-08-21,0.0085533923196086138,0.00042672583478044982,-0.0044974526578994544,-0.00069216021905683706,-0.0018894720743814809,0
2026-08-24,0.0026469781804977213,0.0070627496626608048,0.0036938560257062732,0.0036556176121219455,-0.0061930280503615983,0
2026-08-25,-0.0064121640918319064,0.0020204656509830309,0.0037120241938783795,-0.0026465425689188092,-0.0021156763706646564,0
2026-08-26,-0.0026206565195490521,0.0014642865833528512,-0.0092790330129689999,0.00078916804366864794,0.0054358454234977836,0
2026-08-27,0.014388842005117818,0.0051397969832012395,0.004293156778082341,-0.0016906530268605527,-0.0081983639850369151,0
2026-08-28,-0.0030592491556172062,-0.0077341168902579508,0.001426285111296435,0.0017348705366811838,0.006899185737922967,0
2026-08-31,-0.014952679369002672,-0.0076974945489699884,-0.011602899482920356,0.00063717622511511843,0.02071930838530615,0
2026-09-01,-0.0010789532619576341,-0.0035103794248001058,0.0037074700946272809,0.00078281982852510456,0.0004958119942791734,0
2026-09-02,-0.0079674680066381502,-0.0028265300070294428,-0.0013080151567653594,-0.0016008013116840677,-0.010694640235841451,0
2026-09-03,-0.0086768012679610748,-0.0023089900327095659,0.0042018455025777659,-0.0012780582439189821,-0.012426648755606196,0
2026-09-04,1.7069357771073816e-05,0.0013333821193739336,0.015745004112362002,0.0017690509132225951,0.0061929124460809639,0
2026-09-07,0.03125456525656007,0.023169289165310362,0.005904728371403687,0.0032874358991096127,-0.0031936093698435933,0
2026-09-08,0.0022021984105237186,-0.00060225894707191356,-0.00011927187860019507,0.00096455407100353688,0.0080426494755701204,0
2026-09-09,-0.0065926581364681817,-0.0131490953344844,0.0009183667801079072,-0.0015153572973885788,-0.0044252729236535591,0
2026-09-10,-0.011721088398022675,-0.0075397622675365721,-0.012553083917172055,0.00071008934043172286,0.008937940734685082,0
2026-09-11,-0.011062311620656039,-0.021311124842610947,-0.0055568671874043369,0.0044694496798076975,9.3023896135728361e-05,0
2026-09-14,0.004209992202219846,-0.0058422466074129651,-0.0067091002690346929,0.00028436105929404104,-0.0064419855029828992,0
2026-09-15,-0.008658667901883299,0.0076600913321576277,0.0038706188878251447,0.0027313135469084785,-0.0034203503676301403,0
2026-09-16,0.011084840451835505,0.025752264783712758,0.017167365464678945,-0.0012325928585096815,-0.01266480610929141,0
2026-09-17,0.0036985585135828735,-0.0053881828917961084,0.0030745497297049972,2.4245107054503794e-05,0.017771633029184185,0
2026-09-18,-0.031851860205818275,-0.030608130887084611,-0.031885355372286726,0.0012152173710259766,0.0031641702683293128,0
2026-09-21,0.0019043817675687799,-0.0011271404124249538,-0.0067519433458305272,0.00081519095487315541,0.0061164734641711987,0
2026-09-22,-0.00055169551585451844,0.016960598028100557,0.0080051592648143436,-0.0012794996242000893,-0.0055599908043750769,0
2026-09-23,-0.001760959255236047,-0.0065189673904050525,-0.0024086290141684544,-0.0013571314228350794,-0.0088543839837104121,0
2026-09-24,0.011729793332013166,0.0019039631762363036,-0.012643821295656041,0.0018789119255847853,-0.002627461050229958,0
2026-09-25,-0.04597443009662399,-0.035511709580449219,-0.025073245283137022,0.0022447914627702608,0.016147650472852746,0
2026-09-28,-0.011090975378602007,-0.01316391024871681,-0.0070638248405913776,0.002821858404619456,-0.0030708803954381074,0
