record_id,instrument_id,asof_date,vendor,published_at,ingested_at,bid,ask,mid,volume,quote_unit
Q001,SIM_BOND_3,2026-09-21,feed_a,2026-09-21T16:10:00+08:00,2026-09-21T16:12:00+08:00,2.07500000,2.08500000,2.08000000,1000,yield_pct
Q002,SIM_BOND_3,2026-09-21,feed_b,2026-09-21T16:10:00+08:00,2026-09-21T16:12:00+08:00,0.02077000,0.02087000,0.02082000,1000,yield_decimal
Q003,SIM_BOND_10,2026-09-21,feed_a,2026-09-21T16:10:00+08:00,2026-09-21T16:12:00+08:00,2.69500000,2.70500000,2.70000000,1001,yield_pct
Q004,SIM_BOND_10,2026-09-21,feed_b,2026-09-21T16:10:00+08:00,2026-09-21T16:12:00+08:00,0.02697000,0.02707000,0.02702000,1001,yield_decimal
Q005,SIM_EQ_A,2026-09-21,feed_a,2026-09-21T16:10:00+08:00,2026-09-21T16:12:00+08:00,24.45000000,24.55000000,24.50000000,1002,cny
Q006,SIM_EQ_A,2026-09-21,feed_b,2026-09-21T16:10:00+08:00,2026-09-21T16:12:00+08:00,24.46000000,24.56000000,24.51000000,1002,cny
Q007,SIM_EQ_B,2026-09-21,feed_a,2026-09-21T16:10:00+08:00,2026-09-21T16:12:00+08:00,17.95000000,18.05000000,18.00000000,1003,cny
Q008,SIM_EQ_B,2026-09-21,feed_b,2026-09-21T16:10:00+08:00,2026-09-21T16:12:00+08:00,17.96000000,18.06000000,18.01000000,1003,cny
Q009,SIM_IF,2026-09-21,feed_a,2026-09-21T16:10:00+08:00,2026-09-21T16:12:00+08:00,3919.90000000,3920.10000000,3920.00000000,1004,points
Q010,SIM_IF,2026-09-21,feed_b,2026-09-21T16:10:00+08:00,2026-09-21T16:12:00+08:00,3919.91000000,3920.11000000,3920.01000000,1004,points
Q011,SIM_T,2026-09-21,feed_a,2026-09-21T16:10:00+08:00,2026-09-21T16:12:00+08:00,103.00000000,103.20000000,103.10000000,1005,points
Q012,SIM_T,2026-09-21,feed_b,2026-09-21T16:10:00+08:00,2026-09-21T16:12:00+08:00,103.01000000,103.21000000,103.11000000,1005,points
Q013,SIM_BOND_3,2026-09-22,feed_a,2026-09-22T16:10:00+08:00,2026-09-22T16:12:00+08:00,2.06500000,2.07500000,2.07000000,1030,yield_pct
Q014,SIM_BOND_3,2026-09-22,feed_b,2026-09-22T16:10:00+08:00,2026-09-22T16:12:00+08:00,0.02067000,0.02077000,0.02072000,1030,yield_decimal
Q015,SIM_BOND_10,2026-09-22,feed_a,2026-09-22T16:10:00+08:00,2026-09-22T16:12:00+08:00,2.67500000,2.68500000,2.68000000,1031,yield_pct
Q016,SIM_BOND_10,2026-09-22,feed_b,2026-09-22T16:10:00+08:00,2026-09-22T16:12:00+08:00,0.02677000,0.02687000,0.02682000,1031,yield_decimal
Q017,SIM_EQ_A,2026-09-22,feed_a,2026-09-22T16:10:00+08:00,2026-09-22T16:12:00+08:00,24.75000000,24.85000000,24.80000000,1032,cny
Q018,SIM_EQ_A,2026-09-22,feed_b,2026-09-22T16:10:00+08:00,2026-09-22T16:12:00+08:00,24.76000000,24.86000000,24.81000000,1032,cny
Q019,SIM_EQ_B,2026-09-22,feed_a,2026-09-22T16:10:00+08:00,2026-09-22T16:12:00+08:00,17.85000000,17.95000000,17.90000000,1033,cny
Q020,SIM_EQ_B,2026-09-22,feed_b,2026-09-22T16:10:00+08:00,2026-09-22T16:12:00+08:00,17.86000000,17.96000000,17.91000000,1033,cny
Q021,SIM_IF,2026-09-22,feed_a,2026-09-22T16:10:00+08:00,2026-09-22T16:12:00+08:00,3939.90000000,3940.10000000,3940.00000000,1034,points
Q022,SIM_IF,2026-09-22,feed_b,2026-09-22T16:10:00+08:00,2026-09-22T16:12:00+08:00,3939.91000000,3940.11000000,3940.01000000,1034,points
Q023,SIM_T,2026-09-22,feed_a,2026-09-22T16:10:00+08:00,2026-09-22T16:12:00+08:00,103.05000000,103.25000000,103.15000000,1035,points
Q024,SIM_T,2026-09-22,feed_b,2026-09-22T16:10:00+08:00,2026-09-22T16:12:00+08:00,103.06000000,103.26000000,103.16000000,1035,points
Q025,SIM_BOND_3,2026-09-23,feed_a,2026-09-23T16:10:00+08:00,2026-09-23T16:12:00+08:00,2.09500000,2.10500000,2.10000000,1060,yield_pct
Q026,SIM_BOND_3,2026-09-23,feed_b,2026-09-23T16:10:00+08:00,2026-09-23T16:12:00+08:00,0.02097000,0.02107000,0.02102000,1060,yield_decimal
Q027,SIM_BOND_10,2026-09-23,feed_a,2026-09-23T16:10:00+08:00,2026-09-23T16:12:00+08:00,2.68500000,2.69500000,2.69000000,1061,yield_pct
Q028,SIM_BOND_10,2026-09-23,feed_b,2026-09-23T16:10:00+08:00,2026-09-23T16:12:00+08:00,0.02687000,0.02697000,0.02692000,1061,yield_decimal
Q029,SIM_EQ_A,2026-09-23,feed_a,2026-09-23T16:10:00+08:00,2026-09-23T16:12:00+08:00,24.55000000,24.65000000,24.60000000,1062,cny
Q030,SIM_EQ_A,2026-09-23,feed_b,2026-09-23T16:10:00+08:00,2026-09-23T16:12:00+08:00,24.56000000,24.66000000,24.61000000,1062,cny
Q031,SIM_EQ_B,2026-09-23,feed_a,2026-09-23T16:10:00+08:00,2026-09-23T16:12:00+08:00,18.05000000,18.15000000,18.10000000,1063,cny
Q032,SIM_EQ_B,2026-09-23,feed_b,2026-09-23T16:10:00+08:00,2026-09-23T16:12:00+08:00,18.06000000,18.16000000,18.11000000,1063,cny
Q033,SIM_IF,2026-09-23,feed_a,2026-09-23T16:10:00+08:00,2026-09-23T16:12:00+08:00,3909.90000000,3910.10000000,3910.00000000,1064,points
Q034,SIM_IF,2026-09-23,feed_b,2026-09-23T16:10:00+08:00,2026-09-23T16:12:00+08:00,3909.91000000,3910.11000000,3910.01000000,1064,points
Q035,SIM_T,2026-09-23,feed_a,2026-09-23T16:10:00+08:00,2026-09-23T16:12:00+08:00,102.90000000,103.10000000,103.00000000,1065,points
Q036,SIM_T,2026-09-23,feed_b,2026-09-23T16:10:00+08:00,2026-09-23T16:12:00+08:00,102.91000000,103.11000000,103.01000000,1065,points
Q037,SIM_BOND_3,2026-09-24,feed_a,2026-09-24T16:10:00+08:00,2026-09-24T16:12:00+08:00,2.08500000,2.09500000,2.09000000,1090,yield_pct
Q038,SIM_BOND_3,2026-09-24,feed_b,2026-09-24T16:10:00+08:00,2026-09-24T16:12:00+08:00,0.02087000,0.02097000,0.02092000,1090,yield_decimal
Q039,SIM_BOND_10,2026-09-24,feed_a,2026-09-24T16:10:00+08:00,2026-09-24T16:12:00+08:00,2.65500000,2.66500000,2.66000000,1091,yield_pct
Q040,SIM_BOND_10,2026-09-24,feed_b,2026-09-24T16:10:00+08:00,2026-09-24T16:12:00+08:00,0.02657000,0.02667000,0.02662000,1091,yield_decimal
Q041,SIM_EQ_A,2026-09-24,feed_a,2026-09-24T16:10:00+08:00,2026-09-24T16:12:00+08:00,24.95000000,25.05000000,25.00000000,1092,cny
Q042,SIM_EQ_A,2026-09-24,feed_b,2026-09-24T16:10:00+08:00,2026-09-24T16:12:00+08:00,24.96000000,25.06000000,25.01000000,1092,cny
Q043,SIM_EQ_B,2026-09-24,feed_a,2026-09-24T16:10:00+08:00,2026-09-24T16:12:00+08:00,18.25000000,18.35000000,18.30000000,1093,cny
Q044,SIM_EQ_B,2026-09-24,feed_b,2026-09-24T16:10:00+08:00,2026-09-24T16:12:00+08:00,18.26000000,18.36000000,18.31000000,1093,cny
Q045,SIM_IF,2026-09-24,feed_a,2026-09-24T16:10:00+08:00,2026-09-24T16:12:00+08:00,3949.90000000,3950.10000000,3950.00000000,1094,points
Q046,SIM_IF,2026-09-24,feed_b,2026-09-24T16:10:00+08:00,2026-09-24T16:12:00+08:00,3949.91000000,3950.11000000,3950.01000000,1094,points
Q047,SIM_T,2026-09-24,feed_a,2026-09-24T16:10:00+08:00,2026-09-24T16:12:00+08:00,102.95000000,103.15000000,103.05000000,1095,points
Q048,SIM_T,2026-09-24,feed_b,2026-09-24T16:10:00+08:00,2026-09-24T16:12:00+08:00,102.96000000,103.16000000,103.06000000,1095,points
Q049,SIM_BOND_3,2026-09-25,feed_a,2026-09-25T16:10:00+08:00,2026-09-25T16:12:00+08:00,2.05500000,2.06500000,2.06000000,1120,yield_pct
Q050,SIM_BOND_3,2026-09-25,feed_b,2026-09-25T16:10:00+08:00,2026-09-25T16:12:00+08:00,0.02057000,0.02067000,0.02062000,1120,yield_decimal
Q051,SIM_BOND_10,2026-09-25,feed_a,2026-09-25T16:10:00+08:00,2026-09-25T16:12:00+08:00,2.64500000,2.65500000,2.65000000,1121,yield_pct
Q052,SIM_BOND_10,2026-09-25,feed_b,2026-09-25T16:10:00+08:00,2026-09-25T16:12:00+08:00,0.02647000,0.02657000,0.02652000,1121,yield_decimal
Q053,SIM_EQ_A,2026-09-25,feed_a,2026-09-25T16:10:00+08:00,2026-09-25T16:12:00+08:00,24.85000000,24.95000000,24.90000000,1122,cny
Q054,SIM_EQ_A,2026-09-25,feed_b,2026-09-25T16:10:00+08:00,2026-09-25T16:12:00+08:00,24.86000000,24.96000000,24.91000000,1122,cny
Q055,SIM_EQ_B,2026-09-25,feed_a,2026-09-25T16:10:00+08:00,2026-09-25T16:12:00+08:00,17.95000000,18.05000000,18.00000000,1123,cny
Q056,SIM_EQ_B,2026-09-25,feed_b,2026-09-25T16:10:00+08:00,2026-09-25T16:12:00+08:00,17.96000000,18.06000000,18.01000000,1123,cny
Q057,SIM_IF,2026-09-25,feed_a,2026-09-25T16:10:00+08:00,2026-09-25T16:12:00+08:00,3944.90000000,3945.10000000,3945.00000000,1124,points
Q058,SIM_IF,2026-09-25,feed_b,2026-09-25T16:10:00+08:00,2026-09-25T16:12:00+08:00,3944.91000000,3945.11000000,3945.01000000,1124,points
Q059,SIM_T,2026-09-25,feed_a,2026-09-25T16:10:00+08:00,2026-09-25T16:12:00+08:00,103.10000000,103.30000000,103.20000000,1125,points
Q060,SIM_T,2026-09-25,feed_b,2026-09-25T16:10:00+08:00,2026-09-25T16:12:00+08:00,103.11000000,103.31000000,103.21000000,1125,points
Q061,SIM_BOND_3,2026-09-28,feed_a,2026-09-28T16:10:00+08:00,2026-09-28T16:12:00+08:00,2.03500000,2.04500000,2.04000000,1150,yield_pct
Q062,SIM_BOND_3,2026-09-28,feed_b,2026-09-28T16:10:00+08:00,2026-09-28T16:12:00+08:00,0.02037000,0.02047000,0.02042000,1150,yield_decimal
Q063,SIM_BOND_10,2026-09-28,feed_a,2026-09-28T16:10:00+08:00,2026-09-28T16:12:00+08:00,2.62500000,2.63500000,2.63000000,1151,yield_pct
Q064,SIM_BOND_10,2026-09-28,feed_b,2026-09-28T16:10:00+08:00,2026-09-28T16:12:00+08:00,0.02815000,0.02825000,0.02820000,1151,yield_decimal
Q065,SIM_EQ_A,2026-09-28,feed_a,2026-09-28T16:10:00+08:00,2026-09-28T16:12:00+08:00,25.15000000,25.25000000,25.20000000,1152,cny
Q066,SIM_EQ_A,2026-09-28,feed_b,2026-09-28T16:10:00+08:00,2026-09-28T16:12:00+08:00,25.16000000,25.26000000,25.21000000,1152,cny
Q067,SIM_EQ_B,2026-09-28,feed_a,2026-09-28T16:10:00+08:00,2026-09-28T16:12:00+08:00,18.15000000,18.25000000,18.20000000,1153,cny
Q068,SIM_EQ_B,2026-09-28,feed_b,2026-09-28T16:10:00+08:00,2026-09-28T16:12:00+08:00,18.16000000,18.26000000,18.21000000,1153,cny
Q069,SIM_IF,2026-09-28,feed_a,2026-09-28T16:10:00+08:00,2026-09-28T16:12:00+08:00,3979.90000000,3980.10000000,3980.00000000,1154,points
Q070,SIM_IF,2026-09-28,feed_b,2026-09-28T16:10:00+08:00,2026-09-28T16:12:00+08:00,3979.91000000,3980.11000000,3980.01000000,1154,points
REV001,SIM_BOND_3,2026-09-28,feed_a,2026-09-28T17:00:00+08:00,2026-09-28T17:01:00+08:00,2.050,2.060,2.055,1150,yield_pct
REV002,SIM_BOND_3,2026-09-28,feed_a,2026-09-28T17:00:00+08:00,2026-09-28T17:01:00+08:00,2.050,2.060,2.055,1150,yield_pct
ERR_UNKNOWN,UNMAPPED,2026-09-28,feed_a,2026-09-28T16:10:00+08:00,2026-09-28T16:12:00+08:00,25.15000000,25.25000000,25.20000000,1152,cny
ERR_UNIT,SIM_EQ_A,2026-09-28,feed_a,2026-09-28T16:10:00+08:00,2026-09-28T16:12:00+08:00,25.15000000,25.25000000,25.20000000,1152,usd
ERR_CROSS,SIM_EQ_A,2026-09-28,feed_a,2026-09-28T16:10:00+08:00,2026-09-28T16:12:00+08:00,25.3,25.1,25.20000000,1152,cny
ERR_MID,SIM_EQ_A,2026-09-28,feed_a,2026-09-28T16:10:00+08:00,2026-09-28T16:12:00+08:00,25.15000000,25.25000000,31,1152,cny
ERR_VOLUME,SIM_EQ_A,2026-09-28,feed_a,2026-09-28T16:10:00+08:00,2026-09-28T16:12:00+08:00,25.15000000,25.25000000,25.20000000,-5,cny
ERR_NUMBER,SIM_EQ_A,2026-09-28,feed_a,2026-09-28T16:10:00+08:00,2026-09-28T16:12:00+08:00,25.15000000,25.25000000,NaN,1152,cny
ERR_TIME,SIM_EQ_A,2026-09-28,feed_a,2026-09-28T16:10:00+08:00,2026-09-28T15:00:00+08:00,25.15000000,25.25000000,25.20000000,1152,cny
ERR_TZ,SIM_EQ_A,2026-09-28,feed_a,2026-09-28T16:10:00,2026-09-28T16:12:00+08:00,25.15000000,25.25000000,25.20000000,1152,cny
LATE001,SIM_EQ_A,2026-09-28,feed_a,2026-09-28T16:10:00+08:00,2026-09-28T19:00:00+08:00,25.15000000,25.25000000,25.20000000,1152,cny
FUTURE001,SIM_EQ_A,2026-09-29,feed_a,2026-09-29T16:10:00+08:00,2026-09-29T16:12:00+08:00,25.15000000,25.25000000,25.20000000,1152,cny
CONFLICT001,SIM_EQ_B,2026-09-25,feed_a,2026-09-25T16:10:00+08:00,2026-09-25T16:12:00+08:00,18.05,18.15,18.10,1123,cny
